CCA3,Name,Area (km²),Density (per km²),GrowthRate,World Population Percentage,Rank,Year,value
CN,China,9706961,146.8933,1.0,17.88%,1,2022,1425887
IN,India,3287590,431.0675,1.01,17.77%,2,2022,1417173
US,United States,9372610,36.0935,1.0,4.24%,3,2022,338290
ID,Indonesia,1904569,144.6529,1.01,3.45%,4,2022,275501
PK,Pakistan,881912,267.4018,1.02,2.96%,5,2022,235825
NG,Nigeria,923768,236.5759,1.02,2.74%,6,2022,218541
BR,Brazil,8515767,25.2841,1.0,2.70%,7,2022,215313
BD,Bangladesh,147570,1160.035,1.01,2.15%,8,2022,171186
RU,Russia,17098242,8.4636,1.0,1.81%,9,2022,144713
MX,Mexico,1964375,64.9082,1.01,1.60%,10,2022,127504
JP,Japan,377930,327.9753,0.99,1.55%,11,2022,123952
ET,Ethiopia,1104300,111.7268,1.03,1.55%,12,2022,123380
PH,Philippines,342353,337.5434,1.01,1.45%,13,2022,115559
EG,Egypt,1002450,110.7188,1.02,1.39%,14,2022,110990
CD,DR Congo,2344858,42.2244,1.03,1.24%,15,2022,99010
VN,Vietnam,331212,296.4472,1.01,1.23%,16,2022,98187
IR,Iran,1648195,53.7258,1.01,1.11%,17,2022,88551
TR,Turkey,783562,108.9145,1.01,1.07%,18,2022,85341
DE,Germany,357114,233.4544,1.0,1.05%,19,2022,83370
TH,Thailand,513120,139.7276,1.0,0.90%,20,2022,71697
GB,United Kingdom,242900,277.9289,1.0,0.85%,21,2022,67509
TZ,Tanzania,945087,69.3034,1.03,0.82%,22,2022,65498
FR,France,551695,117.1419,1.0,0.81%,23,2022,64627
ZA,South Africa,1221037,49.0517,1.01,0.75%,24,2022,59894
IT,Italy,301336,195.9191,1.0,0.74%,25,2022,59037
MM,Myanmar,676578,80.0784,1.01,0.68%,26,2022,54179
KE,Kenya,580367,93.0919,1.02,0.68%,27,2022,54027
CO,Colombia,1141748,45.4339,1.01,0.65%,28,2022,51874
KR,South Korea,100210,517.0722,1.0,0.65%,29,2022,51816
ES,Spain,505992,93.9909,1.0,0.60%,30,2022,47559
UG,Uganda,241550,195.61,1.03,0.59%,31,2022,47250
SD,Sudan,1886068,24.8529,1.03,0.59%,32,2022,46874
AR,Argentina,2780400,16.3683,1.01,0.57%,33,2022,45510
DZ,Algeria,2381741,18.8531,1.02,0.56%,34,2022,44903
IQ,Iraq,438317,101.5158,1.02,0.56%,35,2022,44496
AF,Afghanistan,652230,63.0587,1.03,0.52%,36,2022,41129
PL,Poland,312679,127.4698,1.04,0.50%,37,2022,39857
UA,Ukraine,603500,65.7858,0.91,0.50%,38,2022,39702
CA,Canada,9984670,3.8513,1.01,0.48%,39,2022,38454
MA,Morocco,446550,83.883,1.01,0.47%,40,2022,37458
SA,Saudi Arabia,2149690,16.9368,1.01,0.46%,41,2022,36409
AO,Angola,1246700,28.5466,1.03,0.45%,42,2022,35589
UZ,Uzbekistan,447400,77.3975,1.02,0.43%,43,2022,34628
PE,Peru,1285216,26.4933,1.01,0.43%,44,2022,34050
MY,Malaysia,330803,102.5934,1.01,0.43%,45,2022,33938
YE,Yemen,527968,63.8232,1.02,0.42%,46,2022,33697
GH,Ghana,238533,140.3406,1.02,0.42%,47,2022,33476
MZ,Mozambique,801590,41.1302,1.03,0.41%,48,2022,32970
NP,Nepal,147181,207.5511,1.02,0.38%,49,2022,30548
MG,Madagascar,587041,50.4423,1.02,0.37%,50,2022,29612
VE,Venezuela,916445,30.882,1.0,0.35%,51,2022,28302
CI,Ivory Coast,322463,87.3295,1.02,0.35%,52,2022,28161
CM,Cameroon,475442,58.7128,1.03,0.35%,53,2022,27915
NE,Niger,1267000,20.6851,1.04,0.33%,54,2022,26208
AU,Australia,7692024,3.4032,1.01,0.33%,55,2022,26177
KP,North Korea,120538,216.2755,1.0,0.33%,56,2022,26069
TW,Taiwan,36193,660.1662,1.0,0.30%,57,2022,23893
BF,Burkina Faso,272967,83.0641,1.03,0.28%,58,2022,22674
ML,Mali,1240192,18.2178,1.03,0.28%,59,2022,22594
SY,Syria,185180,119.4797,1.04,0.28%,60,2022,22125
LK,Sri Lanka,65610,332.7563,1.0,0.27%,61,2022,21832
MW,Malawi,118484,172.22,1.03,0.26%,62,2022,20405
ZM,Zambia,752612,26.5976,1.03,0.25%,63,2022,20018
RO,Romania,238391,82.4665,1.02,0.25%,64,2022,19659
CL,Chile,756102,25.9274,1.01,0.25%,65,2022,19604
KZ,Kazakhstan,2724900,7.1188,1.01,0.24%,66,2022,19398
EC,Ecuador,276841,65.0229,1.01,0.23%,67,2022,18001
GT,Guatemala,108889,163.8725,1.01,0.22%,68,2022,17844
TD,Chad,1284000,13.8032,1.03,0.22%,69,2022,17723
SO,Somalia,637657,27.5971,1.03,0.22%,70,2022,17598
NL,Netherlands,41850,419.6897,1.0,0.22%,71,2022,17564
SN,Senegal,196722,88.025,1.03,0.22%,72,2022,17316
KH,Cambodia,181035,92.6221,1.01,0.21%,73,2022,16768
ZW,Zimbabwe,390757,41.7665,1.02,0.20%,74,2022,16321
GN,Guinea,245857,56.3716,1.02,0.17%,75,2022,13859
RW,Rwanda,26338,523.0731,1.02,0.17%,76,2022,13777
BJ,Benin,112622,118.5635,1.03,0.17%,77,2022,13353
BI,Burundi,27834,463.0874,1.03,0.16%,78,2022,12890
TN,Tunisia,163610,75.5218,1.01,0.15%,79,2022,12356
BO,Bolivia,1098581,11.1272,1.01,0.15%,80,2022,12224
BE,Belgium,30528,381.8111,1.0,0.15%,81,2022,11656
HT,Haiti,27750,417.4773,1.01,0.15%,82,2022,11585
JO,Jordan,89342,126.3221,1.01,0.14%,83,2022,11286
DO,Dominican Republic,48671,230.7087,1.01,0.14%,84,2022,11229
CU,Cuba,109884,102.0366,1.0,0.14%,85,2022,11212
SS,South Sudan,619745,17.6091,1.02,0.14%,86,2022,10913
SE,Sweden,450295,23.4276,1.01,0.13%,87,2022,10549
CZ,Czech Republic,78865,133.0627,1.0,0.13%,88,2022,10494
HN,Honduras,112492,92.7431,1.02,0.13%,89,2022,10433
GR,Greece,131990,78.68,0.99,0.13%,90,2022,10385
AZ,Azerbaijan,86600,119.6082,1.0,0.13%,91,2022,10358
PT,Portugal,92090,111.5307,1.0,0.13%,92,2022,10271
PG,Papua New Guinea,462840,21.9139,1.02,0.13%,93,2022,10143
HU,Hungary,93028,107.1431,1.03,0.12%,94,2022,9967
TJ,Tajikistan,143100,69.5513,1.02,0.12%,95,2022,9953
BY,Belarus,207600,45.9295,1.0,0.12%,96,2022,9535
AE,United Arab Emirates,83600,112.9322,1.01,0.12%,97,2022,9441
IL,Israel,20770,435.1617,1.02,0.11%,98,2022,9038
AT,Austria,83871,106.5877,1.0,0.11%,99,2022,8940
TG,Togo,56785,155.8281,1.02,0.11%,100,2022,8849
CH,Switzerland,41284,211.7157,1.01,0.11%,101,2022,8740
SL,Sierra Leone,71740,119.957,1.02,0.11%,102,2022,8606
LA,Laos,236800,31.7968,1.01,0.09%,103,2022,7529
HK,Hong Kong,1104,6783.3922,1.0,0.09%,104,2022,7489
RS,Serbia,88361,81.7257,0.99,0.09%,105,2022,7221
NI,Nicaragua,130373,53.2962,1.01,0.09%,106,2022,6948
LY,Libya,1759540,3.8717,1.01,0.09%,107,2022,6812
BG,Bulgaria,110879,61.1654,0.98,0.09%,108,2022,6782
PY,Paraguay,406752,16.6705,1.01,0.09%,109,2022,6781
KG,Kyrgyzstan,199951,33.1612,1.02,0.08%,110,2022,6631
TM,Turkmenistan,488100,13.1751,1.01,0.08%,111,2022,6431
SV,El Salvador,21041,301.145,1.0,0.08%,112,2022,6336
SG,Singapore,710,8416.4634,1.01,0.07%,113,2022,5976
CG,Republic of the Congo,342000,17.4574,1.02,0.07%,114,2022,5970
DK,Denmark,43094,136.4984,1.0,0.07%,115,2022,5882
SK,Slovakia,49037,115.0856,1.04,0.07%,116,2022,5643
CF,Central African Republic,622984,8.9555,1.02,0.07%,117,2022,5579
FI,Finland,338424,16.3722,1.0,0.07%,118,2022,5541
LB,Lebanon,10452,525.2334,0.98,0.07%,119,2022,5490
NO,Norway,323802,16.7828,1.01,0.07%,120,2022,5434
LR,Liberia,111369,47.6136,1.02,0.07%,121,2022,5303
PS,Palestine,6220,844.063,1.02,0.07%,122,2022,5250
NZ,New Zealand,270467,19.1716,1.01,0.07%,123,2022,5185
CR,Costa Rica,51100,101.3861,1.01,0.06%,124,2022,5181
IE,Ireland,70273,71.4799,1.01,0.06%,125,2022,5023
MR,Mauritania,1030700,4.5951,1.03,0.06%,126,2022,4736
OM,Oman,309500,14.7861,1.01,0.06%,127,2022,4576
PA,Panama,75417,58.4561,1.01,0.06%,128,2022,4409
KW,Kuwait,17818,239.5821,1.0,0.05%,129,2022,4269
HR,Croatia,56594,71.2153,0.99,0.05%,130,2022,4030
GE,Georgia,69700,53.7214,1.0,0.05%,131,2022,3744
ER,Eritrea,117600,31.3268,1.02,0.05%,132,2022,3684
UY,Uruguay,181034,18.9069,1.0,0.04%,133,2022,3423
MN,Mongolia,1564110,2.1727,1.02,0.04%,134,2022,3398
MD,Moldova,33846,96.7026,1.07,0.04%,135,2022,3273
PR,Puerto Rico,8870,366.675,1.0,0.04%,136,2022,3252
BA,Bosnia and Herzegovina,51209,63.1437,0.99,0.04%,137,2022,3234
AL,Albania,28748,98.8702,1.0,0.04%,138,2022,2842
JM,Jamaica,10991,257.2447,1.0,0.04%,139,2022,2827
AM,Armenia,29743,93.4831,1.0,0.03%,140,2022,2780
LT,Lithuania,65300,42.1142,0.99,0.03%,141,2022,2750
GM,Gambia,10689,253.1567,1.03,0.03%,142,2022,2706
QA,Qatar,11586,232.6189,1.0,0.03%,143,2022,2695
BW,Botswana,582000,4.5194,1.02,0.03%,144,2022,2630
,Namibia,825615,3.1092,1.01,0.03%,145,2022,2567
GA,Gabon,267668,8.9252,1.02,0.03%,146,2022,2389
LS,Lesotho,30355,75.962,1.01,0.03%,147,2022,2306
SI,Slovenia,20273,104.5649,1.0,0.03%,148,2022,2120
GW,Guinea-Bissau,36125,58.2856,1.02,0.03%,149,2022,2106
MK,North Macedonia,25713,81.4218,1.0,0.03%,150,2022,2094
LV,Latvia,64559,28.666,0.99,0.02%,151,2022,1851
GQ,Equatorial Guinea,28051,59.7094,1.02,0.02%,152,2022,1675
TT,Trinidad and Tobago,5130,298.4491,1.0,0.02%,153,2022,1531
BH,Bahrain,765,1924.4876,1.01,0.02%,154,2022,1472
TL,Timor-Leste,14874,90.1772,1.02,0.02%,155,2022,1341
EE,Estonia,45227,29.3201,1.0,0.02%,156,2022,1326
MU,Mauritius,2040,636.9946,1.0,0.02%,157,2022,1299
CY,Cyprus,9251,135.2814,1.01,0.02%,158,2022,1251
SZ,Eswatini,17364,69.2047,1.01,0.02%,159,2022,1202
DJ,Djibouti,23200,48.3125,1.01,0.01%,160,2022,1121
RE,Reunion,2511,387.914,1.01,0.01%,161,2022,974
FJ,Fiji,18272,50.8847,1.01,0.01%,162,2022,930
KM,Comoros,1862,449.3953,1.02,0.01%,163,2022,837
GY,Guyana,214969,3.7621,1.01,0.01%,164,2022,809
BT,Bhutan,38394,20.3796,1.01,0.01%,165,2022,782
SB,Solomon Islands,28896,25.0648,1.02,0.01%,166,2022,724
MO,Macau,30,23172.2667,1.01,0.01%,167,2022,695
LU,Luxembourg,2586,250.425,1.01,0.01%,168,2022,648
ME,Montenegro,13812,45.4012,1.0,0.01%,169,2022,627
SR,Suriname,163820,3.7727,1.01,0.01%,170,2022,618
CV,Cape Verde,4033,147.0739,1.01,0.01%,171,2022,593
EH,Western Sahara,266000,2.1654,1.02,0.01%,172,2022,576
MT,Malta,316,1687.6139,1.01,0.01%,173,2022,533
MV,Maldives,300,1745.9567,1.0,0.01%,174,2022,524
BN,Brunei,5765,77.8841,1.01,0.01%,175,2022,449
BS,Bahamas,13943,29.4043,1.01,0.01%,176,2022,410
BZ,Belize,22966,17.6466,1.01,0.01%,177,2022,405
GP,Guadeloupe,1628,243.0909,1.0,0.00%,178,2022,396
IS,Iceland,103000,3.6204,1.01,0.00%,179,2022,373
MQ,Martinique,1128,325.8041,1.0,0.00%,180,2022,368
VU,Vanuatu,12189,26.8061,1.02,0.00%,181,2022,327
YT,Mayotte,374,871.9278,1.03,0.00%,182,2022,326
PF,French Polynesia,4167,73.5011,1.01,0.00%,183,2022,306
GF,French Guiana,83534,3.6459,1.02,0.00%,184,2022,305
NC,New Caledonia,18575,15.6097,1.01,0.00%,185,2022,290
BB,Barbados,430,654.9651,1.0,0.00%,186,2022,282
ST,Sao Tome and Principe,964,235.8714,1.02,0.00%,187,2022,227
WS,Samoa,2842,78.2484,1.02,0.00%,188,2022,222
CW,Curacao,444,430.5473,1.0,0.00%,189,2022,191
LC,Saint Lucia,616,291.9756,1.0,0.00%,190,2022,180
GU,Guam,549,312.8852,1.01,0.00%,191,2022,172
KI,Kiribati,811,161.815,1.02,0.00%,192,2022,131
GD,Grenada,344,364.6453,1.01,0.00%,193,2022,125
FM,Micronesia,702,162.6268,1.01,0.00%,194,2022,114
JE,Jersey,116,954.9828,1.01,0.00%,195,2022,111
SC,Seychelles,452,236.9867,1.01,0.00%,196,2022,107
TO,Tonga,747,143.0495,1.01,0.00%,197,2022,107
AW,Aruba,180,591.3611,1.0,0.00%,198,2022,106
VC,Saint Vincent and the Grenadines,389,267.2185,1.0,0.00%,199,2022,104
VI,United States Virgin Islands,347,286.6427,0.99,0.00%,200,2022,99
AG,Antigua and Barbuda,442,212.1335,1.01,0.00%,201,2022,94
IM,Isle of Man,572,147.7605,1.0,0.00%,202,2022,85
AD,Andorra,468,170.5641,1.01,0.00%,203,2022,80
DM,Dominica,751,96.8535,1.0,0.00%,204,2022,73
KY,Cayman Islands,264,260.25,1.01,0.00%,205,2022,69
BM,Bermuda,54,1188.5926,1.0,0.00%,206,2022,64
GG,Guernsey,78,811.5513,1.0,0.00%,207,2022,63
GL,Greenland,2166086,0.0261,1.0,0.00%,208,2022,56
FO,Faroe Islands,1393,38.112,1.0,0.00%,209,2022,53
MP,Northern Mariana Islands,464,106.7909,1.0,0.00%,210,2022,50
KN,Saint Kitts and Nevis,261,182.5939,1.0,0.00%,211,2022,48
TC,Turks and Caicos Islands,948,48.2099,1.01,0.00%,212,2022,46
AS,American Samoa,199,222.4774,0.98,0.00%,213,2022,44
SX,Sint Maarten,34,1299.2647,1.0,0.00%,214,2022,44
MH,Marshall Islands,181,229.663,0.99,0.00%,215,2022,42
LI,Liechtenstein,160,245.7937,1.01,0.00%,216,2022,39
MC,Monaco,2,18234.5,0.99,0.00%,217,2022,36
SM,San Marino,61,551.8033,1.0,0.00%,218,2022,34
GI,Gibraltar,6,5441.5,1.0,0.00%,219,2022,33
MF,Saint Martin,53,599.8302,1.0,0.00%,220,2022,32
VG,British Virgin Islands,151,207.3179,1.01,0.00%,221,2022,31
PW,Palau,459,39.3355,1.0,0.00%,222,2022,18
CK,Cook Islands,236,72.0805,1.0,0.00%,223,2022,17
AI,Anguilla,91,174.2527,1.01,0.00%,224,2022,16
NR,Nauru,21,603.2381,1.01,0.00%,225,2022,13
WF,Wallis and Futuna,142,81.493,1.0,0.00%,226,2022,12
TV,Tuvalu,26,435.0769,1.01,0.00%,227,2022,11
BL,Saint Barthelemy,21,522.2381,1.01,0.00%,228,2022,11
PM,Saint Pierre and Miquelon,242,24.2231,1.0,0.00%,229,2022,6
MS,Montserrat,102,43.0392,0.99,0.00%,230,2022,4
FK,Falkland Islands,12173,0.3105,1.0,0.00%,231,2022,4
NU,Niue,260,7.4385,1.0,0.00%,232,2022,2
TK,Tokelau,12,155.9167,1.01,0.00%,233,2022,2
VA,Vatican City,1,510.0,1.0,0.00%,234,2022,1
CN,China,9706961,146.8933,1.0,17.88%,1,2020,1424930
IN,India,3287590,431.0675,1.01,17.77%,2,2020,1396387
US,United States,9372610,36.0935,1.0,4.24%,3,2020,335942
ID,Indonesia,1904569,144.6529,1.01,3.45%,4,2020,271858
PK,Pakistan,881912,267.4018,1.02,2.96%,5,2020,227197
NG,Nigeria,923768,236.5759,1.02,2.74%,6,2020,208327
BR,Brazil,8515767,25.2841,1.0,2.70%,7,2020,213196
BD,Bangladesh,147570,1160.035,1.01,2.15%,8,2020,167421
RU,Russia,17098242,8.4636,1.0,1.81%,9,2020,145617
MX,Mexico,1964375,64.9082,1.01,1.60%,10,2020,125998
JP,Japan,377930,327.9753,0.99,1.55%,11,2020,125245
ET,Ethiopia,1104300,111.7268,1.03,1.55%,12,2020,117191
PH,Philippines,342353,337.5434,1.01,1.45%,13,2020,112191
EG,Egypt,1002450,110.7188,1.02,1.39%,14,2020,107465
CD,DR Congo,2344858,42.2244,1.03,1.24%,15,2020,92853
VN,Vietnam,331212,296.4472,1.01,1.23%,16,2020,96649
IR,Iran,1648195,53.7258,1.01,1.11%,17,2020,87290
TR,Turkey,783562,108.9145,1.01,1.07%,18,2020,84135
DE,Germany,357114,233.4544,1.0,1.05%,19,2020,83329
TH,Thailand,513120,139.7276,1.0,0.90%,20,2020,71476
GB,United Kingdom,242900,277.9289,1.0,0.85%,21,2020,67059
TZ,Tanzania,945087,69.3034,1.03,0.82%,22,2020,61705
FR,France,551695,117.1419,1.0,0.81%,23,2020,64480
ZA,South Africa,1221037,49.0517,1.01,0.75%,24,2020,58802
IT,Italy,301336,195.9191,1.0,0.74%,25,2020,59501
MM,Myanmar,676578,80.0784,1.01,0.68%,26,2020,53423
KE,Kenya,580367,93.0919,1.02,0.68%,27,2020,51986
CO,Colombia,1141748,45.4339,1.01,0.65%,28,2020,50931
KR,South Korea,100210,517.0722,1.0,0.65%,29,2020,51845
ES,Spain,505992,93.9909,1.0,0.60%,30,2020,47364
UG,Uganda,241550,195.61,1.03,0.59%,31,2020,44405
SD,Sudan,1886068,24.8529,1.03,0.59%,32,2020,44440
AR,Argentina,2780400,16.3683,1.01,0.57%,33,2020,45036
DZ,Algeria,2381741,18.8531,1.02,0.56%,34,2020,43452
IQ,Iraq,438317,101.5158,1.02,0.56%,35,2020,42557
AF,Afghanistan,652230,63.0587,1.03,0.52%,36,2020,38972
PL,Poland,312679,127.4698,1.04,0.50%,37,2020,38428
UA,Ukraine,603500,65.7858,0.91,0.50%,38,2020,43910
CA,Canada,9984670,3.8513,1.01,0.48%,39,2020,37889
MA,Morocco,446550,83.883,1.01,0.47%,40,2020,36689
SA,Saudi Arabia,2149690,16.9368,1.01,0.46%,41,2020,35997
AO,Angola,1246700,28.5466,1.03,0.45%,42,2020,33428
UZ,Uzbekistan,447400,77.3975,1.02,0.43%,43,2020,33527
PE,Peru,1285216,26.4933,1.01,0.43%,44,2020,33305
MY,Malaysia,330803,102.5934,1.01,0.43%,45,2020,33200
YE,Yemen,527968,63.8232,1.02,0.42%,46,2020,32284
GH,Ghana,238533,140.3406,1.02,0.42%,47,2020,32180
MZ,Mozambique,801590,41.1302,1.03,0.41%,48,2020,31178
NP,Nepal,147181,207.5511,1.02,0.38%,49,2020,29349
MG,Madagascar,587041,50.4423,1.02,0.37%,50,2020,28225
VE,Venezuela,916445,30.882,1.0,0.35%,51,2020,28490
CI,Ivory Coast,322463,87.3295,1.02,0.35%,52,2020,26812
CM,Cameroon,475442,58.7128,1.03,0.35%,53,2020,26491
NE,Niger,1267000,20.6851,1.04,0.33%,54,2020,24334
AU,Australia,7692024,3.4032,1.01,0.33%,55,2020,25670
KP,North Korea,120538,216.2755,1.0,0.33%,56,2020,25867
TW,Taiwan,36193,660.1662,1.0,0.30%,57,2020,23821
BF,Burkina Faso,272967,83.0641,1.03,0.28%,58,2020,21523
ML,Mali,1240192,18.2178,1.03,0.28%,59,2020,21224
SY,Syria,185180,119.4797,1.04,0.28%,60,2020,20773
LK,Sri Lanka,65610,332.7563,1.0,0.27%,61,2020,21715
MW,Malawi,118484,172.22,1.03,0.26%,62,2020,19377
ZM,Zambia,752612,26.5976,1.03,0.25%,63,2020,18928
RO,Romania,238391,82.4665,1.02,0.25%,64,2020,19442
CL,Chile,756102,25.9274,1.01,0.25%,65,2020,19300
KZ,Kazakhstan,2724900,7.1188,1.01,0.24%,66,2020,18979
EC,Ecuador,276841,65.0229,1.01,0.23%,67,2020,17589
GT,Guatemala,108889,163.8725,1.01,0.22%,68,2020,17363
TD,Chad,1284000,13.8032,1.03,0.22%,69,2020,16645
SO,Somalia,637657,27.5971,1.03,0.22%,70,2020,16537
NL,Netherlands,41850,419.6897,1.0,0.22%,71,2020,17435
SN,Senegal,196722,88.025,1.03,0.22%,72,2020,16436
KH,Cambodia,181035,92.6221,1.01,0.21%,73,2020,16397
ZW,Zimbabwe,390757,41.7665,1.02,0.20%,74,2020,15670
GN,Guinea,245857,56.3716,1.02,0.17%,75,2020,13205
RW,Rwanda,26338,523.0731,1.02,0.17%,76,2020,13146
BJ,Benin,112622,118.5635,1.03,0.17%,77,2020,12643
BI,Burundi,27834,463.0874,1.03,0.16%,78,2020,12220
TN,Tunisia,163610,75.5218,1.01,0.15%,79,2020,12162
BO,Bolivia,1098581,11.1272,1.01,0.15%,80,2020,11936
BE,Belgium,30528,381.8111,1.0,0.15%,81,2020,11562
HT,Haiti,27750,417.4773,1.01,0.15%,82,2020,11307
JO,Jordan,89342,126.3221,1.01,0.14%,83,2020,10929
DO,Dominican Republic,48671,230.7087,1.01,0.14%,84,2020,11000
CU,Cuba,109884,102.0366,1.0,0.14%,85,2020,11301
SS,South Sudan,619745,17.6091,1.02,0.14%,86,2020,10606
SE,Sweden,450295,23.4276,1.01,0.13%,87,2020,10369
CZ,Czech Republic,78865,133.0627,1.0,0.13%,88,2020,10531
HN,Honduras,112492,92.7431,1.02,0.13%,89,2020,10122
GR,Greece,131990,78.68,0.99,0.13%,90,2020,10512
AZ,Azerbaijan,86600,119.6082,1.0,0.13%,91,2020,10285
PT,Portugal,92090,111.5307,1.0,0.13%,92,2020,10298
PG,Papua New Guinea,462840,21.9139,1.02,0.13%,93,2020,9750
HU,Hungary,93028,107.1431,1.03,0.12%,94,2020,9751
TJ,Tajikistan,143100,69.5513,1.02,0.12%,95,2020,9543
BY,Belarus,207600,45.9295,1.0,0.12%,96,2020,9634
AE,United Arab Emirates,83600,112.9322,1.01,0.12%,97,2020,9287
IL,Israel,20770,435.1617,1.02,0.11%,98,2020,8757
AT,Austria,83871,106.5877,1.0,0.11%,99,2020,8908
TG,Togo,56785,155.8281,1.02,0.11%,100,2020,8443
CH,Switzerland,41284,211.7157,1.01,0.11%,101,2020,8639
SL,Sierra Leone,71740,119.957,1.02,0.11%,102,2020,8234
LA,Laos,236800,31.7968,1.01,0.09%,103,2020,7319
HK,Hong Kong,1104,6783.3922,1.0,0.09%,104,2020,7501
RS,Serbia,88361,81.7257,0.99,0.09%,105,2020,7358
NI,Nicaragua,130373,53.2962,1.01,0.09%,106,2020,6756
LY,Libya,1759540,3.8717,1.01,0.09%,107,2020,6654
BG,Bulgaria,110879,61.1654,0.98,0.09%,108,2020,6979
PY,Paraguay,406752,16.6705,1.01,0.09%,109,2020,6619
KG,Kyrgyzstan,199951,33.1612,1.02,0.08%,110,2020,6425
TM,Turkmenistan,488100,13.1751,1.01,0.08%,111,2020,6250
SV,El Salvador,21041,301.145,1.0,0.08%,112,2020,6293
SG,Singapore,710,8416.4634,1.01,0.07%,113,2020,5910
CG,Republic of the Congo,342000,17.4574,1.02,0.07%,114,2020,5702
DK,Denmark,43094,136.4984,1.0,0.07%,115,2020,5826
SK,Slovakia,49037,115.0856,1.04,0.07%,116,2020,5457
CF,Central African Republic,622984,8.9555,1.02,0.07%,117,2020,5343
FI,Finland,338424,16.3722,1.0,0.07%,118,2020,5529
LB,Lebanon,10452,525.2334,0.98,0.07%,119,2020,5663
NO,Norway,323802,16.7828,1.01,0.07%,120,2020,5380
LR,Liberia,111369,47.6136,1.02,0.07%,121,2020,5088
PS,Palestine,6220,844.063,1.02,0.07%,122,2020,5019
NZ,New Zealand,270467,19.1716,1.01,0.07%,123,2020,5061
CR,Costa Rica,51100,101.3861,1.01,0.06%,124,2020,5123
IE,Ireland,70273,71.4799,1.01,0.06%,125,2020,4946
MR,Mauritania,1030700,4.5951,1.03,0.06%,126,2020,4499
OM,Oman,309500,14.7861,1.01,0.06%,127,2020,4543
PA,Panama,75417,58.4561,1.01,0.06%,128,2020,4294
KW,Kuwait,17818,239.5821,1.0,0.05%,129,2020,4360
HR,Croatia,56594,71.2153,0.99,0.05%,130,2020,4097
GE,Georgia,69700,53.7214,1.0,0.05%,131,2020,3766
ER,Eritrea,117600,31.3268,1.02,0.05%,132,2020,3556
UY,Uruguay,181034,18.9069,1.0,0.04%,133,2020,3429
MN,Mongolia,1564110,2.1727,1.02,0.04%,134,2020,3294
MD,Moldova,33846,96.7026,1.07,0.04%,135,2020,3085
PR,Puerto Rico,8870,366.675,1.0,0.04%,136,2020,3272
BA,Bosnia and Herzegovina,51209,63.1437,0.99,0.04%,137,2020,3318
AL,Albania,28748,98.8702,1.0,0.04%,138,2020,2867
JM,Jamaica,10991,257.2447,1.0,0.04%,139,2020,2820
AM,Armenia,29743,93.4831,1.0,0.03%,140,2020,2806
LT,Lithuania,65300,42.1142,0.99,0.03%,141,2020,2820
GM,Gambia,10689,253.1567,1.03,0.03%,142,2020,2574
QA,Qatar,11586,232.6189,1.0,0.03%,143,2020,2760
BW,Botswana,582000,4.5194,1.02,0.03%,144,2020,2546
,Namibia,825615,3.1092,1.01,0.03%,145,2020,2489
GA,Gabon,267668,8.9252,1.02,0.03%,146,2020,2293
LS,Lesotho,30355,75.962,1.01,0.03%,147,2020,2254
SI,Slovenia,20273,104.5649,1.0,0.03%,148,2020,2118
GW,Guinea-Bissau,36125,58.2856,1.02,0.03%,149,2020,2016
MK,North Macedonia,25713,81.4218,1.0,0.03%,150,2020,2111
LV,Latvia,64559,28.666,0.99,0.02%,151,2020,1897
GQ,Equatorial Guinea,28051,59.7094,1.02,0.02%,152,2020,1596
TT,Trinidad and Tobago,5130,298.4491,1.0,0.02%,153,2020,1518
BH,Bahrain,765,1924.4876,1.01,0.02%,154,2020,1477
TL,Timor-Leste,14874,90.1772,1.02,0.02%,155,2020,1300
EE,Estonia,45227,29.3201,1.0,0.02%,156,2020,1329
MU,Mauritius,2040,636.9946,1.0,0.02%,157,2020,1298
CY,Cyprus,9251,135.2814,1.01,0.02%,158,2020,1238
SZ,Eswatini,17364,69.2047,1.01,0.02%,159,2020,1181
DJ,Djibouti,23200,48.3125,1.01,0.01%,160,2020,1090
RE,Reunion,2511,387.914,1.01,0.01%,161,2020,958
FJ,Fiji,18272,50.8847,1.01,0.01%,162,2020,920
KM,Comoros,1862,449.3953,1.02,0.01%,163,2020,806
GY,Guyana,214969,3.7621,1.01,0.01%,164,2020,797
BT,Bhutan,38394,20.3796,1.01,0.01%,165,2020,773
SB,Solomon Islands,28896,25.0648,1.02,0.01%,166,2020,691
MO,Macau,30,23172.2667,1.01,0.01%,167,2020,676
LU,Luxembourg,2586,250.425,1.01,0.01%,168,2020,630
ME,Montenegro,13812,45.4012,1.0,0.01%,169,2020,629
SR,Suriname,163820,3.7727,1.01,0.01%,170,2020,607
CV,Cape Verde,4033,147.0739,1.01,0.01%,171,2020,583
EH,Western Sahara,266000,2.1654,1.02,0.01%,172,2020,556
MT,Malta,316,1687.6139,1.01,0.01%,173,2020,515
MV,Maldives,300,1745.9567,1.0,0.01%,174,2020,514
BN,Brunei,5765,77.8841,1.01,0.01%,175,2020,442
BS,Bahamas,13943,29.4043,1.01,0.01%,176,2020,406
BZ,Belize,22966,17.6466,1.01,0.01%,177,2020,395
GP,Guadeloupe,1628,243.0909,1.0,0.00%,178,2020,396
IS,Iceland,103000,3.6204,1.01,0.00%,179,2020,367
MQ,Martinique,1128,325.8041,1.0,0.00%,180,2020,370
VU,Vanuatu,12189,26.8061,1.02,0.00%,181,2020,312
YT,Mayotte,374,871.9278,1.03,0.00%,182,2020,306
PF,French Polynesia,4167,73.5011,1.01,0.00%,183,2020,302
GF,French Guiana,83534,3.6459,1.02,0.00%,184,2020,291
NC,New Caledonia,18575,15.6097,1.01,0.00%,185,2020,286
BB,Barbados,430,654.9651,1.0,0.00%,186,2020,281
ST,Sao Tome and Principe,964,235.8714,1.02,0.00%,187,2020,219
WS,Samoa,2842,78.2484,1.02,0.00%,188,2020,215
CW,Curacao,444,430.5473,1.0,0.00%,189,2020,189
LC,Saint Lucia,616,291.9756,1.0,0.00%,190,2020,179
GU,Guam,549,312.8852,1.01,0.00%,191,2020,169
KI,Kiribati,811,161.815,1.02,0.00%,192,2020,126
GD,Grenada,344,364.6453,1.01,0.00%,193,2020,124
FM,Micronesia,702,162.6268,1.01,0.00%,194,2020,112
JE,Jersey,116,954.9828,1.01,0.00%,195,2020,108
SC,Seychelles,452,236.9867,1.01,0.00%,196,2020,106
TO,Tonga,747,143.0495,1.01,0.00%,197,2020,105
AW,Aruba,180,591.3611,1.0,0.00%,198,2020,107
VC,Saint Vincent and the Grenadines,389,267.2185,1.0,0.00%,199,2020,105
VI,United States Virgin Islands,347,286.6427,0.99,0.00%,200,2020,100
AG,Antigua and Barbuda,442,212.1335,1.01,0.00%,201,2020,93
IM,Isle of Man,572,147.7605,1.0,0.00%,202,2020,84
AD,Andorra,468,170.5641,1.01,0.00%,203,2020,78
DM,Dominica,751,96.8535,1.0,0.00%,204,2020,72
KY,Cayman Islands,264,260.25,1.01,0.00%,205,2020,67
BM,Bermuda,54,1188.5926,1.0,0.00%,206,2020,64
GG,Guernsey,78,811.5513,1.0,0.00%,207,2020,63
GL,Greenland,2166086,0.0261,1.0,0.00%,208,2020,56
FO,Faroe Islands,1393,38.112,1.0,0.00%,209,2020,52
MP,Northern Mariana Islands,464,106.7909,1.0,0.00%,210,2020,50
KN,Saint Kitts and Nevis,261,182.5939,1.0,0.00%,211,2020,48
TC,Turks and Caicos Islands,948,48.2099,1.01,0.00%,212,2020,44
AS,American Samoa,199,222.4774,0.98,0.00%,213,2020,46
SX,Sint Maarten,34,1299.2647,1.0,0.00%,214,2020,44
MH,Marshall Islands,181,229.663,0.99,0.00%,215,2020,43
LI,Liechtenstein,160,245.7937,1.01,0.00%,216,2020,39
MC,Monaco,2,18234.5,0.99,0.00%,217,2020,37
SM,San Marino,61,551.8033,1.0,0.00%,218,2020,34
GI,Gibraltar,6,5441.5,1.0,0.00%,219,2020,33
MF,Saint Martin,53,599.8302,1.0,0.00%,220,2020,33
VG,British Virgin Islands,151,207.3179,1.01,0.00%,221,2020,31
PW,Palau,459,39.3355,1.0,0.00%,222,2020,18
CK,Cook Islands,236,72.0805,1.0,0.00%,223,2020,17
AI,Anguilla,91,174.2527,1.01,0.00%,224,2020,16
NR,Nauru,21,603.2381,1.01,0.00%,225,2020,12
WF,Wallis and Futuna,142,81.493,1.0,0.00%,226,2020,12
TV,Tuvalu,26,435.0769,1.01,0.00%,227,2020,11
BL,Saint Barthelemy,21,522.2381,1.01,0.00%,228,2020,11
PM,Saint Pierre and Miquelon,242,24.2231,1.0,0.00%,229,2020,6
MS,Montserrat,102,43.0392,0.99,0.00%,230,2020,5
FK,Falkland Islands,12173,0.3105,1.0,0.00%,231,2020,4
NU,Niue,260,7.4385,1.0,0.00%,232,2020,2
TK,Tokelau,12,155.9167,1.01,0.00%,233,2020,2
VA,Vatican City,1,510.0,1.0,0.00%,234,2020,1
CN,China,9706961,146.8933,1.0,17.88%,1,2015,1393715
IN,India,3287590,431.0675,1.01,17.77%,2,2015,1322867
US,United States,9372610,36.0935,1.0,4.24%,3,2015,324608
ID,Indonesia,1904569,144.6529,1.01,3.45%,4,2015,259092
PK,Pakistan,881912,267.4018,1.02,2.96%,5,2015,210969
NG,Nigeria,923768,236.5759,1.02,2.74%,6,2015,183996
BR,Brazil,8515767,25.2841,1.0,2.70%,7,2015,205188
BD,Bangladesh,147570,1160.035,1.01,2.15%,8,2015,157830
RU,Russia,17098242,8.4636,1.0,1.81%,9,2015,144668
MX,Mexico,1964375,64.9082,1.01,1.60%,10,2015,120150
JP,Japan,377930,327.9753,0.99,1.55%,11,2015,127251
ET,Ethiopia,1104300,111.7268,1.03,1.55%,12,2015,102472
PH,Philippines,342353,337.5434,1.01,1.45%,13,2015,103031
EG,Egypt,1002450,110.7188,1.02,1.39%,14,2015,97724
CD,DR Congo,2344858,42.2244,1.03,1.24%,15,2015,78657
VN,Vietnam,331212,296.4472,1.01,1.23%,16,2015,92191
IR,Iran,1648195,53.7258,1.01,1.11%,17,2015,81791
TR,Turkey,783562,108.9145,1.01,1.07%,18,2015,79646
DE,Germany,357114,233.4544,1.0,1.05%,19,2015,82073
TH,Thailand,513120,139.7276,1.0,0.90%,20,2015,70294
GB,United Kingdom,242900,277.9289,1.0,0.85%,21,2015,65224
TZ,Tanzania,945087,69.3034,1.03,0.82%,22,2015,52543
FR,France,551695,117.1419,1.0,0.81%,23,2015,63810
ZA,South Africa,1221037,49.0517,1.01,0.75%,24,2015,55877
IT,Italy,301336,195.9191,1.0,0.74%,25,2015,60233
MM,Myanmar,676578,80.0784,1.01,0.68%,26,2015,51484
KE,Kenya,580367,93.0919,1.02,0.68%,27,2015,46851
CO,Colombia,1141748,45.4339,1.01,0.65%,28,2015,47120
KR,South Korea,100210,517.0722,1.0,0.65%,29,2015,50994
ES,Spain,505992,93.9909,1.0,0.60%,30,2015,46431
UG,Uganda,241550,195.61,1.03,0.59%,31,2015,37477
SD,Sudan,1886068,24.8529,1.03,0.59%,32,2015,38171
AR,Argentina,2780400,16.3683,1.01,0.57%,33,2015,43257
DZ,Algeria,2381741,18.8531,1.02,0.56%,34,2015,39543
IQ,Iraq,438317,101.5158,1.02,0.56%,35,2015,37758
AF,Afghanistan,652230,63.0587,1.03,0.52%,36,2015,33753
PL,Poland,312679,127.4698,1.04,0.50%,37,2015,38553
UA,Ukraine,603500,65.7858,0.91,0.50%,38,2015,44983
CA,Canada,9984670,3.8513,1.01,0.48%,39,2015,35732
MA,Morocco,446550,83.883,1.01,0.47%,40,2015,34680
SA,Saudi Arabia,2149690,16.9368,1.01,0.46%,41,2015,32750
AO,Angola,1246700,28.5466,1.03,0.45%,42,2015,28128
UZ,Uzbekistan,447400,77.3975,1.02,0.43%,43,2015,30949
PE,Peru,1285216,26.4933,1.01,0.43%,44,2015,30712
MY,Malaysia,330803,102.5934,1.01,0.43%,45,2015,31069
YE,Yemen,527968,63.8232,1.02,0.42%,46,2015,28517
GH,Ghana,238533,140.3406,1.02,0.42%,47,2015,28871
MZ,Mozambique,801590,41.1302,1.03,0.41%,48,2015,26843
NP,Nepal,147181,207.5511,1.02,0.38%,49,2015,27610
MG,Madagascar,587041,50.4423,1.02,0.37%,50,2015,24851
VE,Venezuela,916445,30.882,1.0,0.35%,51,2015,30530
CI,Ivory Coast,322463,87.3295,1.02,0.35%,52,2015,23597
CM,Cameroon,475442,58.7128,1.03,0.35%,53,2015,23013
NE,Niger,1267000,20.6851,1.04,0.33%,54,2015,20128
AU,Australia,7692024,3.4032,1.01,0.33%,55,2015,23820
KP,North Korea,120538,216.2755,1.0,0.33%,56,2015,25258
TW,Taiwan,36193,660.1662,1.0,0.30%,57,2015,23512
BF,Burkina Faso,272967,83.0641,1.03,0.28%,58,2015,18718
ML,Mali,1240192,18.2178,1.03,0.28%,59,2015,18113
SY,Syria,185180,119.4797,1.04,0.28%,60,2015,19205
LK,Sri Lanka,65610,332.7563,1.0,0.27%,61,2015,21337
MW,Malawi,118484,172.22,1.03,0.26%,62,2015,16939
ZM,Zambia,752612,26.5976,1.03,0.25%,63,2015,16248
RO,Romania,238391,82.4665,1.02,0.25%,64,2015,19906
CL,Chile,756102,25.9274,1.01,0.25%,65,2015,17870
KZ,Kazakhstan,2724900,7.1188,1.01,0.24%,66,2015,17836
EC,Ecuador,276841,65.0229,1.01,0.23%,67,2015,16196
GT,Guatemala,108889,163.8725,1.01,0.22%,68,2015,16001
TD,Chad,1284000,13.8032,1.03,0.22%,69,2015,14140
SO,Somalia,637657,27.5971,1.03,0.22%,70,2015,13764
NL,Netherlands,41850,419.6897,1.0,0.22%,71,2015,17041
SN,Senegal,196722,88.025,1.03,0.22%,72,2015,14356
KH,Cambodia,181035,92.6221,1.01,0.21%,73,2015,15418
ZW,Zimbabwe,390757,41.7665,1.02,0.20%,74,2015,14155
GN,Guinea,245857,56.3716,1.02,0.17%,75,2015,11626
RW,Rwanda,26338,523.0731,1.02,0.17%,76,2015,11643
BJ,Benin,112622,118.5635,1.03,0.17%,77,2015,10933
BI,Burundi,27834,463.0874,1.03,0.16%,78,2015,10727
TN,Tunisia,163610,75.5218,1.01,0.15%,79,2015,11558
BO,Bolivia,1098581,11.1272,1.01,0.15%,80,2015,11090
BE,Belgium,30528,381.8111,1.0,0.15%,81,2015,11248
HT,Haiti,27750,417.4773,1.01,0.15%,82,2015,10564
JO,Jordan,89342,126.3221,1.01,0.14%,83,2015,9494
DO,Dominican Republic,48671,230.7087,1.01,0.14%,84,2015,10406
CU,Cuba,109884,102.0366,1.0,0.14%,85,2015,11340
SS,South Sudan,619745,17.6091,1.02,0.14%,86,2015,11194
SE,Sweden,450295,23.4276,1.01,0.13%,87,2015,9849
CZ,Czech Republic,78865,133.0627,1.0,0.13%,88,2015,10524
HN,Honduras,112492,92.7431,1.02,0.13%,89,2015,9295
GR,Greece,131990,78.68,0.99,0.13%,90,2015,10807
AZ,Azerbaijan,86600,119.6082,1.0,0.13%,91,2015,9863
PT,Portugal,92090,111.5307,1.0,0.13%,92,2015,10365
PG,Papua New Guinea,462840,21.9139,1.02,0.13%,93,2015,8682
HU,Hungary,93028,107.1431,1.03,0.12%,94,2015,9844
TJ,Tajikistan,143100,69.5513,1.02,0.12%,95,2015,8524
BY,Belarus,207600,45.9295,1.0,0.12%,96,2015,9701
AE,United Arab Emirates,83600,112.9322,1.01,0.12%,97,2015,8917
IL,Israel,20770,435.1617,1.02,0.11%,98,2015,8008
AT,Austria,83871,106.5877,1.0,0.11%,99,2015,8642
TG,Togo,56785,155.8281,1.02,0.11%,100,2015,7473
CH,Switzerland,41284,211.7157,1.01,0.11%,101,2015,8282
SL,Sierra Leone,71740,119.957,1.02,0.11%,102,2015,7315
LA,Laos,236800,31.7968,1.01,0.09%,103,2015,6787
HK,Hong Kong,1104,6783.3922,1.0,0.09%,104,2015,7400
RS,Serbia,88361,81.7257,0.99,0.09%,105,2015,7519
NI,Nicaragua,130373,53.2962,1.01,0.09%,106,2015,6299
LY,Libya,1759540,3.8717,1.01,0.09%,107,2015,6192
BG,Bulgaria,110879,61.1654,0.98,0.09%,108,2015,7309
PY,Paraguay,406752,16.6705,1.01,0.09%,109,2015,6178
KG,Kyrgyzstan,199951,33.1612,1.02,0.08%,110,2015,5915
TM,Turkmenistan,488100,13.1751,1.01,0.08%,111,2015,5766
SV,El Salvador,21041,301.145,1.0,0.08%,112,2015,6231
SG,Singapore,710,8416.4634,1.01,0.07%,113,2015,5650
CG,Republic of the Congo,342000,17.4574,1.02,0.07%,114,2015,5064
DK,Denmark,43094,136.4984,1.0,0.07%,115,2015,5678
SK,Slovakia,49037,115.0856,1.04,0.07%,116,2015,5424
CF,Central African Republic,622984,8.9555,1.02,0.07%,117,2015,4819
FI,Finland,338424,16.3722,1.0,0.07%,118,2015,5479
LB,Lebanon,10452,525.2334,0.98,0.07%,119,2015,6399
NO,Norway,323802,16.7828,1.01,0.07%,120,2015,5190
LR,Liberia,111369,47.6136,1.02,0.07%,121,2015,4612
PS,Palestine,6220,844.063,1.02,0.07%,122,2015,4485
NZ,New Zealand,270467,19.1716,1.01,0.07%,123,2015,4591
CR,Costa Rica,51100,101.3861,1.01,0.06%,124,2015,4895
IE,Ireland,70273,71.4799,1.01,0.06%,125,2015,4666
MR,Mauritania,1030700,4.5951,1.03,0.06%,126,2015,3946
OM,Oman,309500,14.7861,1.01,0.06%,127,2015,4192
PA,Panama,75417,58.4561,1.01,0.06%,128,2015,3957
KW,Kuwait,17818,239.5821,1.0,0.05%,129,2015,3909
HR,Croatia,56594,71.2153,0.99,0.05%,130,2015,4255
GE,Georgia,69700,53.7214,1.0,0.05%,131,2015,3771
ER,Eritrea,117600,31.3268,1.02,0.05%,132,2015,3340
UY,Uruguay,181034,18.9069,1.0,0.04%,133,2015,3403
MN,Mongolia,1564110,2.1727,1.02,0.04%,134,2015,2965
MD,Moldova,33846,96.7026,1.07,0.04%,135,2015,3277
PR,Puerto Rico,8870,366.675,1.0,0.04%,136,2015,3497
BA,Bosnia and Herzegovina,51209,63.1437,0.99,0.04%,137,2015,3524
AL,Albania,28748,98.8702,1.0,0.04%,138,2015,2882
JM,Jamaica,10991,257.2447,1.0,0.04%,139,2015,2794
AM,Armenia,29743,93.4831,1.0,0.03%,140,2015,2879
LT,Lithuania,65300,42.1142,0.99,0.03%,141,2015,2964
GM,Gambia,10689,253.1567,1.03,0.03%,142,2015,2253
QA,Qatar,11586,232.6189,1.0,0.03%,143,2015,2415
BW,Botswana,582000,4.5194,1.02,0.03%,144,2015,2305
,Namibia,825615,3.1092,1.01,0.03%,145,2015,2283
GA,Gabon,267668,8.9252,1.02,0.03%,146,2015,2029
LS,Lesotho,30355,75.962,1.01,0.03%,147,2015,2119
SI,Slovenia,20273,104.5649,1.0,0.03%,148,2015,2081
GW,Guinea-Bissau,36125,58.2856,1.02,0.03%,149,2015,1789
MK,North Macedonia,25713,81.4218,1.0,0.03%,150,2015,2108
LV,Latvia,64559,28.666,0.99,0.02%,151,2015,1992
GQ,Equatorial Guinea,28051,59.7094,1.02,0.02%,152,2015,1347
TT,Trinidad and Tobago,5130,298.4491,1.0,0.02%,153,2015,1460
BH,Bahrain,765,1924.4876,1.01,0.02%,154,2015,1362
TL,Timor-Leste,14874,90.1772,1.02,0.02%,155,2015,1206
EE,Estonia,45227,29.3201,1.0,0.02%,156,2015,1315
MU,Mauritius,2040,636.9946,1.0,0.02%,157,2015,1293
CY,Cyprus,9251,135.2814,1.01,0.02%,158,2015,1187
SZ,Eswatini,17364,69.2047,1.01,0.02%,159,2015,1134
DJ,Djibouti,23200,48.3125,1.01,0.01%,160,2015,1006
RE,Reunion,2511,387.914,1.01,0.01%,161,2015,922
FJ,Fiji,18272,50.8847,1.01,0.01%,162,2015,917
KM,Comoros,1862,449.3953,1.02,0.01%,163,2015,730
GY,Guyana,214969,3.7621,1.01,0.01%,164,2015,755
BT,Bhutan,38394,20.3796,1.01,0.01%,165,2015,743
SB,Solomon Islands,28896,25.0648,1.02,0.01%,166,2015,613
MO,Macau,30,23172.2667,1.01,0.01%,167,2015,615
LU,Luxembourg,2586,250.425,1.01,0.01%,168,2015,569
ME,Montenegro,13812,45.4012,1.0,0.01%,169,2015,634
SR,Suriname,163820,3.7727,1.01,0.01%,170,2015,575
CV,Cape Verde,4033,147.0739,1.01,0.01%,171,2015,552
EH,Western Sahara,266000,2.1654,1.02,0.01%,172,2015,492
MT,Malta,316,1687.6139,1.01,0.01%,173,2015,457
MV,Maldives,300,1745.9567,1.0,0.01%,174,2015,436
BN,Brunei,5765,77.8841,1.01,0.01%,175,2015,421
BS,Bahamas,13943,29.4043,1.01,0.01%,176,2015,393
BZ,Belize,22966,17.6466,1.01,0.01%,177,2015,360
GP,Guadeloupe,1628,243.0909,1.0,0.00%,178,2015,399
IS,Iceland,103000,3.6204,1.01,0.00%,179,2015,331
MQ,Martinique,1128,325.8041,1.0,0.00%,180,2015,384
VU,Vanuatu,12189,26.8061,1.02,0.00%,181,2015,276
YT,Mayotte,374,871.9278,1.03,0.00%,182,2015,250
PF,French Polynesia,4167,73.5011,1.01,0.00%,183,2015,292
GF,French Guiana,83534,3.6459,1.02,0.00%,184,2015,257
NC,New Caledonia,18575,15.6097,1.01,0.00%,185,2015,283
BB,Barbados,430,654.9651,1.0,0.00%,186,2015,278
ST,Sao Tome and Principe,964,235.8714,1.02,0.00%,187,2015,201
WS,Samoa,2842,78.2484,1.02,0.00%,188,2015,204
CW,Curacao,444,430.5473,1.0,0.00%,189,2015,170
LC,Saint Lucia,616,291.9756,1.0,0.00%,190,2015,176
GU,Guam,549,312.8852,1.01,0.00%,191,2015,168
KI,Kiribati,811,161.815,1.02,0.00%,192,2015,117
GD,Grenada,344,364.6453,1.01,0.00%,193,2015,119
FM,Micronesia,702,162.6268,1.01,0.00%,194,2015,109
JE,Jersey,116,954.9828,1.01,0.00%,195,2015,101
SC,Seychelles,452,236.9867,1.01,0.00%,196,2015,99
TO,Tonga,747,143.0495,1.01,0.00%,197,2015,106
AW,Aruba,180,591.3611,1.0,0.00%,198,2015,104
VC,Saint Vincent and the Grenadines,389,267.2185,1.0,0.00%,199,2015,106
VI,United States Virgin Islands,347,286.6427,0.99,0.00%,200,2015,103
AG,Antigua and Barbuda,442,212.1335,1.01,0.00%,201,2015,90
IM,Isle of Man,572,147.7605,1.0,0.00%,202,2015,84
AD,Andorra,468,170.5641,1.01,0.00%,203,2015,72
DM,Dominica,751,96.8535,1.0,0.00%,204,2015,70
KY,Cayman Islands,264,260.25,1.01,0.00%,205,2015,61
BM,Bermuda,54,1188.5926,1.0,0.00%,206,2015,63
GG,Guernsey,78,811.5513,1.0,0.00%,207,2015,62
GL,Greenland,2166086,0.0261,1.0,0.00%,208,2015,56
FO,Faroe Islands,1393,38.112,1.0,0.00%,209,2015,49
MP,Northern Mariana Islands,464,106.7909,1.0,0.00%,210,2015,52
KN,Saint Kitts and Nevis,261,182.5939,1.0,0.00%,211,2015,48
TC,Turks and Caicos Islands,948,48.2099,1.01,0.00%,212,2015,37
AS,American Samoa,199,222.4774,0.98,0.00%,213,2015,51
SX,Sint Maarten,34,1299.2647,1.0,0.00%,214,2015,40
MH,Marshall Islands,181,229.663,0.99,0.00%,215,2015,49
LI,Liechtenstein,160,245.7937,1.01,0.00%,216,2015,37
MC,Monaco,2,18234.5,0.99,0.00%,217,2015,37
SM,San Marino,61,551.8033,1.0,0.00%,218,2015,34
GI,Gibraltar,6,5441.5,1.0,0.00%,219,2015,33
MF,Saint Martin,53,599.8302,1.0,0.00%,220,2015,35
VG,British Virgin Islands,151,207.3179,1.01,0.00%,221,2015,29
PW,Palau,459,39.3355,1.0,0.00%,222,2015,18
CK,Cook Islands,236,72.0805,1.0,0.00%,223,2015,18
AI,Anguilla,91,174.2527,1.01,0.00%,224,2015,15
NR,Nauru,21,603.2381,1.01,0.00%,225,2015,11
WF,Wallis and Futuna,142,81.493,1.0,0.00%,226,2015,12
TV,Tuvalu,26,435.0769,1.01,0.00%,227,2015,11
BL,Saint Barthelemy,21,522.2381,1.01,0.00%,228,2015,10
PM,Saint Pierre and Miquelon,242,24.2231,1.0,0.00%,229,2015,6
MS,Montserrat,102,43.0392,0.99,0.00%,230,2015,5
FK,Falkland Islands,12173,0.3105,1.0,0.00%,231,2015,3
NU,Niue,260,7.4385,1.0,0.00%,232,2015,2
TK,Tokelau,12,155.9167,1.01,0.00%,233,2015,1
VA,Vatican City,1,510.0,1.0,0.00%,234,2015,1
CN,China,9706961,146.8933,1.0,17.88%,1,2010,1348191
IN,India,3287590,431.0675,1.01,17.77%,2,2010,1240614
US,United States,9372610,36.0935,1.0,4.24%,3,2010,311183
ID,Indonesia,1904569,144.6529,1.01,3.45%,4,2010,244016
PK,Pakistan,881912,267.4018,1.02,2.96%,5,2010,194454
NG,Nigeria,923768,236.5759,1.02,2.74%,6,2010,160953
BR,Brazil,8515767,25.2841,1.0,2.70%,7,2010,196353
BD,Bangladesh,147570,1160.035,1.01,2.15%,8,2010,148391
RU,Russia,17098242,8.4636,1.0,1.81%,9,2010,143243
MX,Mexico,1964375,64.9082,1.01,1.60%,10,2010,112532
JP,Japan,377930,327.9753,0.99,1.55%,11,2010,128105
ET,Ethiopia,1104300,111.7268,1.03,1.55%,12,2010,89238
PH,Philippines,342353,337.5434,1.01,1.45%,13,2010,94637
EG,Egypt,1002450,110.7188,1.02,1.39%,14,2010,87252
CD,DR Congo,2344858,42.2244,1.03,1.24%,15,2010,66391
VN,Vietnam,331212,296.4472,1.01,1.23%,16,2010,87411
IR,Iran,1648195,53.7258,1.01,1.11%,17,2010,75374
TR,Turkey,783562,108.9145,1.01,1.07%,18,2010,73195
DE,Germany,357114,233.4544,1.0,1.05%,19,2010,81325
TH,Thailand,513120,139.7276,1.0,0.90%,20,2010,68270
GB,United Kingdom,242900,277.9289,1.0,0.85%,21,2010,62760
TZ,Tanzania,945087,69.3034,1.03,0.82%,22,2010,45111
FR,France,551695,117.1419,1.0,0.81%,23,2010,62445
ZA,South Africa,1221037,49.0517,1.01,0.75%,24,2010,51785
IT,Italy,301336,195.9191,1.0,0.74%,25,2010,59822
MM,Myanmar,676578,80.0784,1.01,0.68%,26,2010,49391
KE,Kenya,580367,93.0919,1.02,0.68%,27,2010,41518
CO,Colombia,1141748,45.4339,1.01,0.65%,28,2010,44816
KR,South Korea,100210,517.0722,1.0,0.65%,29,2010,48813
ES,Spain,505992,93.9909,1.0,0.60%,30,2010,46573
UG,Uganda,241550,195.61,1.03,0.59%,31,2010,32342
SD,Sudan,1886068,24.8529,1.03,0.59%,32,2010,33740
AR,Argentina,2780400,16.3683,1.01,0.57%,33,2010,41100
DZ,Algeria,2381741,18.8531,1.02,0.56%,34,2010,35856
IQ,Iraq,438317,101.5158,1.02,0.56%,35,2010,31265
AF,Afghanistan,652230,63.0587,1.03,0.52%,36,2010,28190
PL,Poland,312679,127.4698,1.04,0.50%,37,2010,38597
UA,Ukraine,603500,65.7858,0.91,0.50%,38,2010,45683
CA,Canada,9984670,3.8513,1.01,0.48%,39,2010,33963
MA,Morocco,446550,83.883,1.01,0.47%,40,2010,32465
SA,Saudi Arabia,2149690,16.9368,1.01,0.46%,41,2010,29412
AO,Angola,1246700,28.5466,1.03,0.45%,42,2010,23364
UZ,Uzbekistan,447400,77.3975,1.02,0.43%,43,2010,28614
PE,Peru,1285216,26.4933,1.01,0.43%,44,2010,29230
MY,Malaysia,330803,102.5934,1.01,0.43%,45,2010,28718
YE,Yemen,527968,63.8232,1.02,0.42%,46,2010,24744
GH,Ghana,238533,140.3406,1.02,0.42%,47,2010,25575
MZ,Mozambique,801590,41.1302,1.03,0.41%,48,2010,23074
NP,Nepal,147181,207.5511,1.02,0.38%,49,2010,27162
MG,Madagascar,587041,50.4423,1.02,0.37%,50,2010,21731
VE,Venezuela,916445,30.882,1.0,0.35%,51,2010,28715
CI,Ivory Coast,322463,87.3295,1.02,0.35%,52,2010,21120
CM,Cameroon,475442,58.7128,1.03,0.35%,53,2010,19878
NE,Niger,1267000,20.6851,1.04,0.33%,54,2010,16648
AU,Australia,7692024,3.4032,1.01,0.33%,55,2010,22019
KP,North Korea,120538,216.2755,1.0,0.33%,56,2010,24686
TW,Taiwan,36193,660.1662,1.0,0.30%,57,2010,23083
BF,Burkina Faso,272967,83.0641,1.03,0.28%,58,2010,16117
ML,Mali,1240192,18.2178,1.03,0.28%,59,2010,15529
SY,Syria,185180,119.4797,1.04,0.28%,60,2010,22338
LK,Sri Lanka,65610,332.7563,1.0,0.27%,61,2010,20669
MW,Malawi,118484,172.22,1.03,0.26%,62,2010,14718
ZM,Zambia,752612,26.5976,1.03,0.25%,63,2010,13792
RO,Romania,238391,82.4665,1.02,0.25%,64,2010,20335
CL,Chile,756102,25.9274,1.01,0.25%,65,2010,17004
KZ,Kazakhstan,2724900,7.1188,1.01,0.24%,66,2010,16628
EC,Ecuador,276841,65.0229,1.01,0.23%,67,2010,14990
GT,Guatemala,108889,163.8725,1.01,0.22%,68,2010,14543
TD,Chad,1284000,13.8032,1.03,0.22%,69,2010,11895
SO,Somalia,637657,27.5971,1.03,0.22%,70,2010,12027
NL,Netherlands,41850,419.6897,1.0,0.22%,71,2010,16617
SN,Senegal,196722,88.025,1.03,0.22%,72,2010,12530
KH,Cambodia,181035,92.6221,1.01,0.21%,73,2010,14364
ZW,Zimbabwe,390757,41.7665,1.02,0.20%,74,2010,12840
GN,Guinea,245857,56.3716,1.02,0.17%,75,2010,10271
RW,Rwanda,26338,523.0731,1.02,0.17%,76,2010,10309
BJ,Benin,112622,118.5635,1.03,0.17%,77,2010,9446
BI,Burundi,27834,463.0874,1.03,0.16%,78,2010,9127
TN,Tunisia,163610,75.5218,1.01,0.15%,79,2010,10895
BO,Bolivia,1098581,11.1272,1.01,0.15%,80,2010,10223
BE,Belgium,30528,381.8111,1.0,0.15%,81,2010,10878
HT,Haiti,27750,417.4773,1.01,0.15%,82,2010,9843
JO,Jordan,89342,126.3221,1.01,0.14%,83,2010,6931
DO,Dominican Republic,48671,230.7087,1.01,0.14%,84,2010,9776
CU,Cuba,109884,102.0366,1.0,0.14%,85,2010,11290
SS,South Sudan,619745,17.6091,1.02,0.14%,86,2010,9714
SE,Sweden,450295,23.4276,1.01,0.13%,87,2010,9382
CZ,Czech Republic,78865,133.0627,1.0,0.13%,88,2010,10465
HN,Honduras,112492,92.7431,1.02,0.13%,89,2010,8451
GR,Greece,131990,78.68,0.99,0.13%,90,2010,11034
AZ,Azerbaijan,86600,119.6082,1.0,0.13%,91,2010,9237
PT,Portugal,92090,111.5307,1.0,0.13%,92,2010,10588
PG,Papua New Guinea,462840,21.9139,1.02,0.13%,93,2010,7583
HU,Hungary,93028,107.1431,1.03,0.12%,94,2010,9987
TJ,Tajikistan,143100,69.5513,1.02,0.12%,95,2010,7622
BY,Belarus,207600,45.9295,1.0,0.12%,96,2010,9731
AE,United Arab Emirates,83600,112.9322,1.01,0.12%,97,2010,8482
IL,Israel,20770,435.1617,1.02,0.11%,98,2010,7328
AT,Austria,83871,106.5877,1.0,0.11%,99,2010,8363
TG,Togo,56785,155.8281,1.02,0.11%,100,2010,6572
CH,Switzerland,41284,211.7157,1.01,0.11%,101,2010,7822
SL,Sierra Leone,71740,119.957,1.02,0.11%,102,2010,6437
LA,Laos,236800,31.7968,1.01,0.09%,103,2010,6323
HK,Hong Kong,1104,6783.3922,1.0,0.09%,104,2010,7132
RS,Serbia,88361,81.7257,0.99,0.09%,105,2010,7654
NI,Nicaragua,130373,53.2962,1.01,0.09%,106,2010,5856
LY,Libya,1759540,3.8717,1.01,0.09%,107,2010,6492
BG,Bulgaria,110879,61.1654,0.98,0.09%,108,2010,7592
PY,Paraguay,406752,16.6705,1.01,0.09%,109,2010,5769
KG,Kyrgyzstan,199951,33.1612,1.02,0.08%,110,2010,5484
TM,Turkmenistan,488100,13.1751,1.01,0.08%,111,2010,5268
SV,El Salvador,21041,301.145,1.0,0.08%,112,2010,6114
SG,Singapore,710,8416.4634,1.01,0.07%,113,2010,5164
CG,Republic of the Congo,342000,17.4574,1.02,0.07%,114,2010,4438
DK,Denmark,43094,136.4984,1.0,0.07%,115,2010,5551
SK,Slovakia,49037,115.0856,1.04,0.07%,116,2010,5396
CF,Central African Republic,622984,8.9555,1.02,0.07%,117,2010,4660
FI,Finland,338424,16.3722,1.0,0.07%,118,2010,5363
LB,Lebanon,10452,525.2334,0.98,0.07%,119,2010,4996
NO,Norway,323802,16.7828,1.01,0.07%,120,2010,4890
LR,Liberia,111369,47.6136,1.02,0.07%,121,2010,4020
PS,Palestine,6220,844.063,1.02,0.07%,122,2010,3992
NZ,New Zealand,270467,19.1716,1.01,0.07%,123,2010,4346
CR,Costa Rica,51100,101.3861,1.01,0.06%,124,2010,4622
IE,Ireland,70273,71.4799,1.01,0.06%,125,2010,4525
MR,Mauritania,1030700,4.5951,1.03,0.06%,126,2010,3419
OM,Oman,309500,14.7861,1.01,0.06%,127,2010,2882
PA,Panama,75417,58.4561,1.01,0.06%,128,2010,3624
KW,Kuwait,17818,239.5821,1.0,0.05%,129,2010,2943
HR,Croatia,56594,71.2153,0.99,0.05%,130,2010,4369
GE,Georgia,69700,53.7214,1.0,0.05%,131,2010,3837
ER,Eritrea,117600,31.3268,1.02,0.05%,132,2010,3148
UY,Uruguay,181034,18.9069,1.0,0.04%,133,2010,3353
MN,Mongolia,1564110,2.1727,1.02,0.04%,134,2010,2703
MD,Moldova,33846,96.7026,1.07,0.04%,135,2010,3678
PR,Puerto Rico,8870,366.675,1.0,0.04%,136,2010,3718
BA,Bosnia and Herzegovina,51209,63.1437,0.99,0.04%,137,2010,3811
AL,Albania,28748,98.8702,1.0,0.04%,138,2010,2913
JM,Jamaica,10991,257.2447,1.0,0.04%,139,2010,2734
AM,Armenia,29743,93.4831,1.0,0.03%,140,2010,2946
LT,Lithuania,65300,42.1142,0.99,0.03%,141,2010,3139
GM,Gambia,10689,253.1567,1.03,0.03%,142,2010,1937
QA,Qatar,11586,232.6189,1.0,0.03%,143,2010,1714
BW,Botswana,582000,4.5194,1.02,0.03%,144,2010,2092
,Namibia,825615,3.1092,1.01,0.03%,145,2010,2099
GA,Gabon,267668,8.9252,1.02,0.03%,146,2010,1711
LS,Lesotho,30355,75.962,1.01,0.03%,147,2010,2023
SI,Slovenia,20273,104.5649,1.0,0.03%,148,2010,2057
GW,Guinea-Bissau,36125,58.2856,1.02,0.03%,149,2010,1567
MK,North Macedonia,25713,81.4218,1.0,0.03%,150,2010,2094
LV,Latvia,64559,28.666,0.99,0.02%,151,2010,2102
GQ,Equatorial Guinea,28051,59.7094,1.02,0.02%,152,2010,1095
TT,Trinidad and Tobago,5130,298.4491,1.0,0.02%,153,2010,1410
BH,Bahrain,765,1924.4876,1.01,0.02%,154,2010,1214
TL,Timor-Leste,14874,90.1772,1.02,0.02%,155,2010,1088
EE,Estonia,45227,29.3201,1.0,0.02%,156,2010,1332
MU,Mauritius,2040,636.9946,1.0,0.02%,157,2010,1283
CY,Cyprus,9251,135.2814,1.01,0.02%,158,2010,1130
SZ,Eswatini,17364,69.2047,1.01,0.02%,159,2010,1100
DJ,Djibouti,23200,48.3125,1.01,0.01%,160,2010,919
RE,Reunion,2511,387.914,1.01,0.01%,161,2010,890
FJ,Fiji,18272,50.8847,1.01,0.01%,162,2010,905
KM,Comoros,1862,449.3953,1.02,0.01%,163,2010,656
GY,Guyana,214969,3.7621,1.01,0.01%,164,2010,748
BT,Bhutan,38394,20.3796,1.01,0.01%,165,2010,706
SB,Solomon Islands,28896,25.0648,1.02,0.01%,166,2010,540
MO,Macau,30,23172.2667,1.01,0.01%,167,2010,557
LU,Luxembourg,2586,250.425,1.01,0.01%,168,2010,507
ME,Montenegro,13812,45.4012,1.0,0.01%,169,2010,631
SR,Suriname,163820,3.7727,1.01,0.01%,170,2010,546
CV,Cape Verde,4033,147.0739,1.01,0.01%,171,2010,521
EH,Western Sahara,266000,2.1654,1.02,0.01%,172,2010,413
MT,Malta,316,1687.6139,1.01,0.01%,173,2010,419
MV,Maldives,300,1745.9567,1.0,0.01%,174,2010,362
BN,Brunei,5765,77.8841,1.01,0.01%,175,2010,396
BS,Bahamas,13943,29.4043,1.01,0.01%,176,2010,373
BZ,Belize,22966,17.6466,1.01,0.01%,177,2010,322
GP,Guadeloupe,1628,243.0909,1.0,0.00%,178,2010,403
IS,Iceland,103000,3.6204,1.01,0.00%,179,2010,318
MQ,Martinique,1128,325.8041,1.0,0.00%,180,2010,392
VU,Vanuatu,12189,26.8061,1.02,0.00%,181,2010,245
YT,Mayotte,374,871.9278,1.03,0.00%,182,2010,212
PF,French Polynesia,4167,73.5011,1.01,0.00%,183,2010,284
GF,French Guiana,83534,3.6459,1.02,0.00%,184,2010,228
NC,New Caledonia,18575,15.6097,1.01,0.00%,185,2010,261
BB,Barbados,430,654.9651,1.0,0.00%,186,2010,275
ST,Sao Tome and Principe,964,235.8714,1.02,0.00%,187,2010,182
WS,Samoa,2842,78.2484,1.02,0.00%,188,2010,195
CW,Curacao,444,430.5473,1.0,0.00%,189,2010,159
LC,Saint Lucia,616,291.9756,1.0,0.00%,190,2010,171
GU,Guam,549,312.8852,1.01,0.00%,191,2010,165
KI,Kiribati,811,161.815,1.02,0.00%,192,2010,108
GD,Grenada,344,364.6453,1.01,0.00%,193,2010,114
FM,Micronesia,702,162.6268,1.01,0.00%,194,2010,108
JE,Jersey,116,954.9828,1.01,0.00%,195,2010,96
SC,Seychelles,452,236.9867,1.01,0.00%,196,2010,92
TO,Tonga,747,143.0495,1.01,0.00%,197,2010,107
AW,Aruba,180,591.3611,1.0,0.00%,198,2010,100
VC,Saint Vincent and the Grenadines,389,267.2185,1.0,0.00%,199,2010,109
VI,United States Virgin Islands,347,286.6427,0.99,0.00%,200,2010,106
AG,Antigua and Barbuda,442,212.1335,1.01,0.00%,201,2010,86
IM,Isle of Man,572,147.7605,1.0,0.00%,202,2010,84
AD,Andorra,468,170.5641,1.01,0.00%,203,2010,72
DM,Dominica,751,96.8535,1.0,0.00%,204,2010,69
KY,Cayman Islands,264,260.25,1.01,0.00%,205,2010,54
BM,Bermuda,54,1188.5926,1.0,0.00%,206,2010,63
GG,Guernsey,78,811.5513,1.0,0.00%,207,2010,61
GL,Greenland,2166086,0.0261,1.0,0.00%,208,2010,56
FO,Faroe Islands,1393,38.112,1.0,0.00%,209,2010,48
MP,Northern Mariana Islands,464,106.7909,1.0,0.00%,210,2010,54
KN,Saint Kitts and Nevis,261,182.5939,1.0,0.00%,211,2010,47
TC,Turks and Caicos Islands,948,48.2099,1.01,0.00%,212,2010,30
AS,American Samoa,199,222.4774,0.98,0.00%,213,2010,55
SX,Sint Maarten,34,1299.2647,1.0,0.00%,214,2010,33
MH,Marshall Islands,181,229.663,0.99,0.00%,215,2010,53
LI,Liechtenstein,160,245.7937,1.01,0.00%,216,2010,36
MC,Monaco,2,18234.5,0.99,0.00%,217,2010,33
SM,San Marino,61,551.8033,1.0,0.00%,218,2010,32
GI,Gibraltar,6,5441.5,1.0,0.00%,219,2010,31
MF,Saint Martin,53,599.8302,1.0,0.00%,220,2010,36
VG,British Virgin Islands,151,207.3179,1.01,0.00%,221,2010,28
PW,Palau,459,39.3355,1.0,0.00%,222,2010,19
CK,Cook Islands,236,72.0805,1.0,0.00%,223,2010,17
AI,Anguilla,91,174.2527,1.01,0.00%,224,2010,13
NR,Nauru,21,603.2381,1.01,0.00%,225,2010,10
WF,Wallis and Futuna,142,81.493,1.0,0.00%,226,2010,13
TV,Tuvalu,26,435.0769,1.01,0.00%,227,2010,11
BL,Saint Barthelemy,21,522.2381,1.01,0.00%,228,2010,9
PM,Saint Pierre and Miquelon,242,24.2231,1.0,0.00%,229,2010,6
MS,Montserrat,102,43.0392,0.99,0.00%,230,2010,5
FK,Falkland Islands,12173,0.3105,1.0,0.00%,231,2010,3
NU,Niue,260,7.4385,1.0,0.00%,232,2010,2
TK,Tokelau,12,155.9167,1.01,0.00%,233,2010,1
VA,Vatican City,1,510.0,1.0,0.00%,234,2010,1
CN,China,9706961,146.8933,1.0,17.88%,1,2000,1264099
IN,India,3287590,431.0675,1.01,17.77%,2,2000,1059634
US,United States,9372610,36.0935,1.0,4.24%,3,2000,282399
ID,Indonesia,1904569,144.6529,1.01,3.45%,4,2000,214072
PK,Pakistan,881912,267.4018,1.02,2.96%,5,2000,154370
NG,Nigeria,923768,236.5759,1.02,2.74%,6,2000,122852
BR,Brazil,8515767,25.2841,1.0,2.70%,7,2000,175874
BD,Bangladesh,147570,1160.035,1.01,2.15%,8,2000,129193
RU,Russia,17098242,8.4636,1.0,1.81%,9,2000,146845
MX,Mexico,1964375,64.9082,1.01,1.60%,10,2000,97873
JP,Japan,377930,327.9753,0.99,1.55%,11,2000,126804
ET,Ethiopia,1104300,111.7268,1.03,1.55%,12,2000,67032
PH,Philippines,342353,337.5434,1.01,1.45%,13,2000,77958
EG,Egypt,1002450,110.7188,1.02,1.39%,14,2000,71371
CD,DR Congo,2344858,42.2244,1.03,1.24%,15,2000,48616
VN,Vietnam,331212,296.4472,1.01,1.23%,16,2000,79001
IR,Iran,1648195,53.7258,1.01,1.11%,17,2000,65544
TR,Turkey,783562,108.9145,1.01,1.07%,18,2000,64114
DE,Germany,357114,233.4544,1.0,1.05%,19,2000,81552
TH,Thailand,513120,139.7276,1.0,0.90%,20,2000,63067
GB,United Kingdom,242900,277.9289,1.0,0.85%,21,2000,58850
TZ,Tanzania,945087,69.3034,1.03,0.82%,22,2000,34464
FR,France,551695,117.1419,1.0,0.81%,23,2000,58665
ZA,South Africa,1221037,49.0517,1.01,0.75%,24,2000,46813
IT,Italy,301336,195.9191,1.0,0.74%,25,2000,56966
MM,Myanmar,676578,80.0784,1.01,0.68%,26,2000,45538
KE,Kenya,580367,93.0919,1.02,0.68%,27,2000,30852
CO,Colombia,1141748,45.4339,1.01,0.65%,28,2000,39215
KR,South Korea,100210,517.0722,1.0,0.65%,29,2000,46789
ES,Spain,505992,93.9909,1.0,0.60%,30,2000,40742
UG,Uganda,241550,195.61,1.03,0.59%,31,2000,24021
SD,Sudan,1886068,24.8529,1.03,0.59%,32,2000,26299
AR,Argentina,2780400,16.3683,1.01,0.57%,33,2000,37071
DZ,Algeria,2381741,18.8531,1.02,0.56%,34,2000,30775
IQ,Iraq,438317,101.5158,1.02,0.56%,35,2000,24629
AF,Afghanistan,652230,63.0587,1.03,0.52%,36,2000,19543
PL,Poland,312679,127.4698,1.04,0.50%,37,2000,38504
UA,Ukraine,603500,65.7858,0.91,0.50%,38,2000,48880
CA,Canada,9984670,3.8513,1.01,0.48%,39,2000,30683
MA,Morocco,446550,83.883,1.01,0.47%,40,2000,28554
SA,Saudi Arabia,2149690,16.9368,1.01,0.46%,41,2000,21547
AO,Angola,1246700,28.5466,1.03,0.45%,42,2000,16394
UZ,Uzbekistan,447400,77.3975,1.02,0.43%,43,2000,24926
PE,Peru,1285216,26.4933,1.01,0.43%,44,2000,26654
MY,Malaysia,330803,102.5934,1.01,0.43%,45,2000,22945
YE,Yemen,527968,63.8232,1.02,0.42%,46,2000,18629
GH,Ghana,238533,140.3406,1.02,0.42%,47,2000,19666
MZ,Mozambique,801590,41.1302,1.03,0.41%,48,2000,17769
NP,Nepal,147181,207.5511,1.02,0.38%,49,2000,24560
MG,Madagascar,587041,50.4423,1.02,0.37%,50,2000,16216
VE,Venezuela,916445,30.882,1.0,0.35%,51,2000,24428
CI,Ivory Coast,322463,87.3295,1.02,0.35%,52,2000,16800
CM,Cameroon,475442,58.7128,1.03,0.35%,53,2000,15092
NE,Niger,1267000,20.6851,1.04,0.33%,54,2000,11623
AU,Australia,7692024,3.4032,1.01,0.33%,55,2000,19018
KP,North Korea,120538,216.2755,1.0,0.33%,56,2000,23367
TW,Taiwan,36193,660.1662,1.0,0.30%,57,2000,22195
BF,Burkina Faso,272967,83.0641,1.03,0.28%,58,2000,11883
ML,Mali,1240192,18.2178,1.03,0.28%,59,2000,11239
SY,Syria,185180,119.4797,1.04,0.28%,60,2000,16308
LK,Sri Lanka,65610,332.7563,1.0,0.27%,61,2000,18776
MW,Malawi,118484,172.22,1.03,0.26%,62,2000,11229
ZM,Zambia,752612,26.5976,1.03,0.25%,63,2000,9891
RO,Romania,238391,82.4665,1.02,0.25%,64,2000,21920
CL,Chile,756102,25.9274,1.01,0.25%,65,2000,15352
KZ,Kazakhstan,2724900,7.1188,1.01,0.24%,66,2000,15236
EC,Ecuador,276841,65.0229,1.01,0.23%,67,2000,12627
GT,Guatemala,108889,163.8725,1.01,0.22%,68,2000,11736
TD,Chad,1284000,13.8032,1.03,0.22%,69,2000,8259
SO,Somalia,637657,27.5971,1.03,0.22%,70,2000,8721
NL,Netherlands,41850,419.6897,1.0,0.22%,71,2000,15899
SN,Senegal,196722,88.025,1.03,0.22%,72,2000,9704
KH,Cambodia,181035,92.6221,1.01,0.21%,73,2000,12119
ZW,Zimbabwe,390757,41.7665,1.02,0.20%,74,2000,11835
GN,Guinea,245857,56.3716,1.02,0.17%,75,2000,8337
RW,Rwanda,26338,523.0731,1.02,0.17%,76,2000,8110
BJ,Benin,112622,118.5635,1.03,0.17%,77,2000,6998
BI,Burundi,27834,463.0874,1.03,0.16%,78,2000,6308
TN,Tunisia,163610,75.5218,1.01,0.15%,79,2000,9893
BO,Bolivia,1098581,11.1272,1.01,0.15%,80,2000,8593
BE,Belgium,30528,381.8111,1.0,0.15%,81,2000,10264
HT,Haiti,27750,417.4773,1.01,0.15%,82,2000,8360
JO,Jordan,89342,126.3221,1.01,0.14%,83,2000,5056
DO,Dominican Republic,48671,230.7087,1.01,0.14%,84,2000,8541
CU,Cuba,109884,102.0366,1.0,0.14%,85,2000,11106
SS,South Sudan,619745,17.6091,1.02,0.14%,86,2000,6114
SE,Sweden,450295,23.4276,1.01,0.13%,87,2000,8871
CZ,Czech Republic,78865,133.0627,1.0,0.13%,88,2000,10235
HN,Honduras,112492,92.7431,1.02,0.13%,89,2000,6657
GR,Greece,131990,78.68,0.99,0.13%,90,2000,11038
AZ,Azerbaijan,86600,119.6082,1.0,0.13%,91,2000,8190
PT,Portugal,92090,111.5307,1.0,0.13%,92,2000,10301
PG,Papua New Guinea,462840,21.9139,1.02,0.13%,93,2000,5508
HU,Hungary,93028,107.1431,1.03,0.12%,94,2000,10202
TJ,Tajikistan,143100,69.5513,1.02,0.12%,95,2000,6273
BY,Belarus,207600,45.9295,1.0,0.12%,96,2000,10256
AE,United Arab Emirates,83600,112.9322,1.01,0.12%,97,2000,3275
IL,Israel,20770,435.1617,1.02,0.11%,98,2000,6117
AT,Austria,83871,106.5877,1.0,0.11%,99,2000,8010
TG,Togo,56785,155.8281,1.02,0.11%,100,2000,5008
CH,Switzerland,41284,211.7157,1.01,0.11%,101,2000,7182
SL,Sierra Leone,71740,119.957,1.02,0.11%,102,2000,4584
LA,Laos,236800,31.7968,1.01,0.09%,103,2000,5431
HK,Hong Kong,1104,6783.3922,1.0,0.09%,104,2000,6731
RS,Serbia,88361,81.7257,0.99,0.09%,105,2000,7935
NI,Nicaragua,130373,53.2962,1.01,0.09%,106,2000,5123
LY,Libya,1759540,3.8717,1.01,0.09%,107,2000,5155
BG,Bulgaria,110879,61.1654,0.98,0.09%,108,2000,8098
PY,Paraguay,406752,16.6705,1.01,0.09%,109,2000,5124
KG,Kyrgyzstan,199951,33.1612,1.02,0.08%,110,2000,4935
TM,Turkmenistan,488100,13.1751,1.01,0.08%,111,2000,4569
SV,El Salvador,21041,301.145,1.0,0.08%,112,2000,5958
SG,Singapore,710,8416.4634,1.01,0.07%,113,2000,4054
CG,Republic of the Congo,342000,17.4574,1.02,0.07%,114,2000,3134
DK,Denmark,43094,136.4984,1.0,0.07%,115,2000,5341
SK,Slovakia,49037,115.0856,1.04,0.07%,116,2000,5377
CF,Central African Republic,622984,8.9555,1.02,0.07%,117,2000,3759
FI,Finland,338424,16.3722,1.0,0.07%,118,2000,5176
LB,Lebanon,10452,525.2334,0.98,0.07%,119,2000,4321
NO,Norway,323802,16.7828,1.01,0.07%,120,2000,4491
LR,Liberia,111369,47.6136,1.02,0.07%,121,2000,2895
PS,Palestine,6220,844.063,1.02,0.07%,122,2000,3140
NZ,New Zealand,270467,19.1716,1.01,0.07%,123,2000,3855
CR,Costa Rica,51100,101.3861,1.01,0.06%,124,2000,3979
IE,Ireland,70273,71.4799,1.01,0.06%,125,2000,3769
MR,Mauritania,1030700,4.5951,1.03,0.06%,126,2000,2695
OM,Oman,309500,14.7861,1.01,0.06%,127,2000,2344
PA,Panama,75417,58.4561,1.01,0.06%,128,2000,3002
KW,Kuwait,17818,239.5821,1.0,0.05%,129,2000,1935
HR,Croatia,56594,71.2153,0.99,0.05%,130,2000,4548
GE,Georgia,69700,53.7214,1.0,0.05%,131,2000,4265
ER,Eritrea,117600,31.3268,1.02,0.05%,132,2000,2393
UY,Uruguay,181034,18.9069,1.0,0.04%,133,2000,3292
MN,Mongolia,1564110,2.1727,1.02,0.04%,134,2000,2451
MD,Moldova,33846,96.7026,1.07,0.04%,135,2000,4252
PR,Puerto Rico,8870,366.675,1.0,0.04%,136,2000,3827
BA,Bosnia and Herzegovina,51209,63.1437,0.99,0.04%,137,2000,4179
AL,Albania,28748,98.8702,1.0,0.04%,138,2000,3182
JM,Jamaica,10991,257.2447,1.0,0.04%,139,2000,2612
AM,Armenia,29743,93.4831,1.0,0.03%,140,2000,3169
LT,Lithuania,65300,42.1142,0.99,0.03%,141,2000,3600
GM,Gambia,10689,253.1567,1.03,0.03%,142,2000,1438
QA,Qatar,11586,232.6189,1.0,0.03%,143,2000,646
BW,Botswana,582000,4.5194,1.02,0.03%,144,2000,1727
,Namibia,825615,3.1092,1.01,0.03%,145,2000,1819
GA,Gabon,267668,8.9252,1.02,0.03%,146,2000,1273
LS,Lesotho,30355,75.962,1.01,0.03%,147,2000,1999
SI,Slovenia,20273,104.5649,1.0,0.03%,148,2000,1984
GW,Guinea-Bissau,36125,58.2856,1.02,0.03%,149,2000,1231
MK,North Macedonia,25713,81.4218,1.0,0.03%,150,2000,2038
LV,Latvia,64559,28.666,0.99,0.02%,151,2000,2393
GQ,Equatorial Guinea,28051,59.7094,1.02,0.02%,152,2000,685
TT,Trinidad and Tobago,5130,298.4491,1.0,0.02%,153,2000,1332
BH,Bahrain,765,1924.4876,1.01,0.02%,154,2000,711
TL,Timor-Leste,14874,90.1772,1.02,0.02%,155,2000,878
EE,Estonia,45227,29.3201,1.0,0.02%,156,2000,1397
MU,Mauritius,2040,636.9946,1.0,0.02%,157,2000,1216
CY,Cyprus,9251,135.2814,1.01,0.02%,158,2000,948
SZ,Eswatini,17364,69.2047,1.01,0.02%,159,2000,1030
DJ,Djibouti,23200,48.3125,1.01,0.01%,160,2000,742
RE,Reunion,2511,387.914,1.01,0.01%,161,2000,785
FJ,Fiji,18272,50.8847,1.01,0.01%,162,2000,833
KM,Comoros,1862,449.3953,1.02,0.01%,163,2000,537
GY,Guyana,214969,3.7621,1.01,0.01%,164,2000,759
BT,Bhutan,38394,20.3796,1.01,0.01%,165,2000,587
SB,Solomon Islands,28896,25.0648,1.02,0.01%,166,2000,430
MO,Macau,30,23172.2667,1.01,0.01%,167,2000,432
LU,Luxembourg,2586,250.425,1.01,0.01%,168,2000,436
ME,Montenegro,13812,45.4012,1.0,0.01%,169,2000,633
SR,Suriname,163820,3.7727,1.01,0.01%,170,2000,479
CV,Cape Verde,4033,147.0739,1.01,0.01%,171,2000,458
EH,Western Sahara,266000,2.1654,1.02,0.01%,172,2000,270
MT,Malta,316,1687.6139,1.01,0.01%,173,2000,399
MV,Maldives,300,1745.9567,1.0,0.01%,174,2000,283
BN,Brunei,5765,77.8841,1.01,0.01%,175,2000,334
BS,Bahamas,13943,29.4043,1.01,0.01%,176,2000,325
BZ,Belize,22966,17.6466,1.01,0.01%,177,2000,240
GP,Guadeloupe,1628,243.0909,1.0,0.00%,178,2000,424
IS,Iceland,103000,3.6204,1.01,0.00%,179,2000,281
MQ,Martinique,1128,325.8041,1.0,0.00%,180,2000,433
VU,Vanuatu,12189,26.8061,1.02,0.00%,181,2000,192
YT,Mayotte,374,871.9278,1.03,0.00%,182,2000,159
PF,French Polynesia,4167,73.5011,1.01,0.00%,183,2000,251
GF,French Guiana,83534,3.6459,1.02,0.00%,184,2000,164
NC,New Caledonia,18575,15.6097,1.01,0.00%,185,2000,222
BB,Barbados,430,654.9651,1.0,0.00%,186,2000,265
ST,Sao Tome and Principe,964,235.8714,1.02,0.00%,187,2000,144
WS,Samoa,2842,78.2484,1.02,0.00%,188,2000,184
CW,Curacao,444,430.5473,1.0,0.00%,189,2000,141
LC,Saint Lucia,616,291.9756,1.0,0.00%,190,2000,160
GU,Guam,549,312.8852,1.01,0.00%,191,2000,160
KI,Kiribati,811,161.815,1.02,0.00%,192,2000,89
GD,Grenada,344,364.6453,1.01,0.00%,193,2000,107
FM,Micronesia,702,162.6268,1.01,0.00%,194,2000,112
JE,Jersey,116,954.9828,1.01,0.00%,195,2000,86
SC,Seychelles,452,236.9867,1.01,0.00%,196,2000,80
TO,Tonga,747,143.0495,1.01,0.00%,197,2000,103
AW,Aruba,180,591.3611,1.0,0.00%,198,2000,89
VC,Saint Vincent and the Grenadines,389,267.2185,1.0,0.00%,199,2000,114
VI,United States Virgin Islands,347,286.6427,0.99,0.00%,200,2000,108
AG,Antigua and Barbuda,442,212.1335,1.01,0.00%,201,2000,75
IM,Isle of Man,572,147.7605,1.0,0.00%,202,2000,76
AD,Andorra,468,170.5641,1.01,0.00%,203,2000,66
DM,Dominica,751,96.8535,1.0,0.00%,204,2000,68
KY,Cayman Islands,264,260.25,1.01,0.00%,205,2000,40
BM,Bermuda,54,1188.5926,1.0,0.00%,206,2000,61
GG,Guernsey,78,811.5513,1.0,0.00%,207,2000,59
GL,Greenland,2166086,0.0261,1.0,0.00%,208,2000,56
FO,Faroe Islands,1393,38.112,1.0,0.00%,209,2000,46
MP,Northern Mariana Islands,464,106.7909,1.0,0.00%,210,2000,80
KN,Saint Kitts and Nevis,261,182.5939,1.0,0.00%,211,2000,45
TC,Turks and Caicos Islands,948,48.2099,1.01,0.00%,212,2000,19
AS,American Samoa,199,222.4774,0.98,0.00%,213,2000,58
SX,Sint Maarten,34,1299.2647,1.0,0.00%,214,2000,30
MH,Marshall Islands,181,229.663,0.99,0.00%,215,2000,54
LI,Liechtenstein,160,245.7937,1.01,0.00%,216,2000,33
MC,Monaco,2,18234.5,0.99,0.00%,217,2000,32
SM,San Marino,61,551.8033,1.0,0.00%,218,2000,27
GI,Gibraltar,6,5441.5,1.0,0.00%,219,2000,28
MF,Saint Martin,53,599.8302,1.0,0.00%,220,2000,30
VG,British Virgin Islands,151,207.3179,1.01,0.00%,221,2000,20
PW,Palau,459,39.3355,1.0,0.00%,222,2000,20
CK,Cook Islands,236,72.0805,1.0,0.00%,223,2000,16
AI,Anguilla,91,174.2527,1.01,0.00%,224,2000,11
NR,Nauru,21,603.2381,1.01,0.00%,225,2000,10
WF,Wallis and Futuna,142,81.493,1.0,0.00%,226,2000,15
TV,Tuvalu,26,435.0769,1.01,0.00%,227,2000,10
BL,Saint Barthelemy,21,522.2381,1.01,0.00%,228,2000,7
PM,Saint Pierre and Miquelon,242,24.2231,1.0,0.00%,229,2000,6
MS,Montserrat,102,43.0392,0.99,0.00%,230,2000,5
FK,Falkland Islands,12173,0.3105,1.0,0.00%,231,2000,3
NU,Niue,260,7.4385,1.0,0.00%,232,2000,2
TK,Tokelau,12,155.9167,1.01,0.00%,233,2000,2
VA,Vatican City,1,510.0,1.0,0.00%,234,2000,1
CN,China,9706961,146.8933,1.0,17.88%,1,1990,1153704
IN,India,3287590,431.0675,1.01,17.77%,2,1990,870452
US,United States,9372610,36.0935,1.0,4.24%,3,1990,248084
ID,Indonesia,1904569,144.6529,1.01,3.45%,4,1990,182160
PK,Pakistan,881912,267.4018,1.02,2.96%,5,1990,115414
NG,Nigeria,923768,236.5759,1.02,2.74%,6,1990,95214
BR,Brazil,8515767,25.2841,1.0,2.70%,7,1990,150706
BD,Bangladesh,147570,1160.035,1.01,2.15%,8,1990,107148
RU,Russia,17098242,8.4636,1.0,1.81%,9,1990,148006
MX,Mexico,1964375,64.9082,1.01,1.60%,10,1990,81720
JP,Japan,377930,327.9753,0.99,1.55%,11,1990,123686
ET,Ethiopia,1104300,111.7268,1.03,1.55%,12,1990,47878
PH,Philippines,342353,337.5434,1.01,1.45%,13,1990,61559
EG,Egypt,1002450,110.7188,1.02,1.39%,14,1990,57215
CD,DR Congo,2344858,42.2244,1.03,1.24%,15,1990,35988
VN,Vietnam,331212,296.4472,1.01,1.23%,16,1990,66913
IR,Iran,1648195,53.7258,1.01,1.11%,17,1990,55794
TR,Turkey,783562,108.9145,1.01,1.07%,18,1990,54324
DE,Germany,357114,233.4544,1.0,1.05%,19,1990,79370
TH,Thailand,513120,139.7276,1.0,0.90%,20,1990,55228
GB,United Kingdom,242900,277.9289,1.0,0.85%,21,1990,57210
TZ,Tanzania,945087,69.3034,1.03,0.82%,22,1990,26206
FR,France,551695,117.1419,1.0,0.81%,23,1990,56413
ZA,South Africa,1221037,49.0517,1.01,0.75%,24,1990,39878
IT,Italy,301336,195.9191,1.0,0.74%,25,1990,56757
MM,Myanmar,676578,80.0784,1.01,0.68%,26,1990,40100
KE,Kenya,580367,93.0919,1.02,0.68%,27,1990,23162
CO,Colombia,1141748,45.4339,1.01,0.65%,28,1990,32601
KR,South Korea,100210,517.0722,1.0,0.65%,29,1990,44120
ES,Spain,505992,93.9909,1.0,0.60%,30,1990,38890
UG,Uganda,241550,195.61,1.03,0.59%,31,1990,17587
SD,Sudan,1886068,24.8529,1.03,0.59%,32,1990,21091
AR,Argentina,2780400,16.3683,1.01,0.57%,33,1990,32638
DZ,Algeria,2381741,18.8531,1.02,0.56%,34,1990,25518
IQ,Iraq,438317,101.5158,1.02,0.56%,35,1990,17658
AF,Afghanistan,652230,63.0587,1.03,0.52%,36,1990,10695
PL,Poland,312679,127.4698,1.04,0.50%,37,1990,38064
UA,Ukraine,603500,65.7858,0.91,0.50%,38,1990,51590
CA,Canada,9984670,3.8513,1.01,0.48%,39,1990,27657
MA,Morocco,446550,83.883,1.01,0.47%,40,1990,24571
SA,Saudi Arabia,2149690,16.9368,1.01,0.46%,41,1990,16005
AO,Angola,1246700,28.5466,1.03,0.45%,42,1990,11829
UZ,Uzbekistan,447400,77.3975,1.02,0.43%,43,1990,20579
PE,Peru,1285216,26.4933,1.01,0.43%,44,1990,22109
MY,Malaysia,330803,102.5934,1.01,0.43%,45,1990,17517
YE,Yemen,527968,63.8232,1.02,0.42%,46,1990,13375
GH,Ghana,238533,140.3406,1.02,0.42%,47,1990,15447
MZ,Mozambique,801590,41.1302,1.03,0.41%,48,1990,13303
NP,Nepal,147181,207.5511,1.02,0.38%,49,1990,19617
MG,Madagascar,587041,50.4423,1.02,0.37%,50,1990,11883
VE,Venezuela,916445,30.882,1.0,0.35%,51,1990,19751
CI,Ivory Coast,322463,87.3295,1.02,0.35%,52,1990,11911
CM,Cameroon,475442,58.7128,1.03,0.35%,53,1990,11431
NE,Niger,1267000,20.6851,1.04,0.33%,54,1990,8371
AU,Australia,7692024,3.4032,1.01,0.33%,55,1990,17048
KP,North Korea,120538,216.2755,1.0,0.33%,56,1990,20800
TW,Taiwan,36193,660.1662,1.0,0.30%,57,1990,20586
BF,Burkina Faso,272967,83.0641,1.03,0.28%,58,1990,9131
ML,Mali,1240192,18.2178,1.03,0.28%,59,1990,8945
SY,Syria,185180,119.4797,1.04,0.28%,60,1990,12409
LK,Sri Lanka,65610,332.7563,1.0,0.27%,61,1990,17204
MW,Malawi,118484,172.22,1.03,0.26%,62,1990,9540
ZM,Zambia,752612,26.5976,1.03,0.25%,63,1990,7686
RO,Romania,238391,82.4665,1.02,0.25%,64,1990,22836
CL,Chile,756102,25.9274,1.01,0.25%,65,1990,13343
KZ,Kazakhstan,2724900,7.1188,1.01,0.24%,66,1990,16867
EC,Ecuador,276841,65.0229,1.01,0.23%,67,1990,10450
GT,Guatemala,108889,163.8725,1.01,0.22%,68,1990,9085
TD,Chad,1284000,13.8032,1.03,0.22%,69,1990,5827
SO,Somalia,637657,27.5971,1.03,0.22%,70,1990,6999
NL,Netherlands,41850,419.6897,1.0,0.22%,71,1990,14945
SN,Senegal,196722,88.025,1.03,0.22%,72,1990,7536
KH,Cambodia,181035,92.6221,1.01,0.21%,73,1990,8911
ZW,Zimbabwe,390757,41.7665,1.02,0.20%,74,1990,10114
GN,Guinea,245857,56.3716,1.02,0.17%,75,1990,6354
RW,Rwanda,26338,523.0731,1.02,0.17%,76,1990,7320
BJ,Benin,112622,118.5635,1.03,0.17%,77,1990,5133
BI,Burundi,27834,463.0874,1.03,0.16%,78,1990,5484
TN,Tunisia,163610,75.5218,1.01,0.15%,79,1990,8440
BO,Bolivia,1098581,11.1272,1.01,0.15%,80,1990,7096
BE,Belgium,30528,381.8111,1.0,0.15%,81,1990,9960
HT,Haiti,27750,417.4773,1.01,0.15%,82,1990,6925
JO,Jordan,89342,126.3221,1.01,0.14%,83,1990,3481
DO,Dominican Republic,48671,230.7087,1.01,0.14%,84,1990,7129
CU,Cuba,109884,102.0366,1.0,0.14%,85,1990,10627
SS,South Sudan,619745,17.6091,1.02,0.14%,86,1990,4751
SE,Sweden,450295,23.4276,1.01,0.13%,87,1990,8548
CZ,Czech Republic,78865,133.0627,1.0,0.13%,88,1990,10301
HN,Honduras,112492,92.7431,1.02,0.13%,89,1990,5053
GR,Greece,131990,78.68,0.99,0.13%,90,1990,10302
AZ,Azerbaijan,86600,119.6082,1.0,0.13%,91,1990,7428
PT,Portugal,92090,111.5307,1.0,0.13%,92,1990,10007
PG,Papua New Guinea,462840,21.9139,1.02,0.13%,93,1990,3865
HU,Hungary,93028,107.1431,1.03,0.12%,94,1990,10376
TJ,Tajikistan,143100,69.5513,1.02,0.12%,95,1990,5418
BY,Belarus,207600,45.9295,1.0,0.12%,96,1990,10429
AE,United Arab Emirates,83600,112.9322,1.01,0.12%,97,1990,1900
IL,Israel,20770,435.1617,1.02,0.11%,98,1990,4803
AT,Austria,83871,106.5877,1.0,0.11%,99,1990,7679
TG,Togo,56785,155.8281,1.02,0.11%,100,1990,3876
CH,Switzerland,41284,211.7157,1.01,0.11%,101,1990,6712
SL,Sierra Leone,71740,119.957,1.02,0.11%,102,1990,4325
LA,Laos,236800,31.7968,1.01,0.09%,103,1990,4314
HK,Hong Kong,1104,6783.3922,1.0,0.09%,104,1990,5839
RS,Serbia,88361,81.7257,0.99,0.09%,105,1990,7988
NI,Nicaragua,130373,53.2962,1.01,0.09%,106,1990,4228
LY,Libya,1759540,3.8717,1.01,0.09%,107,1990,4237
BG,Bulgaria,110879,61.1654,0.98,0.09%,108,1990,8768
PY,Paraguay,406752,16.6705,1.01,0.09%,109,1990,4059
KG,Kyrgyzstan,199951,33.1612,1.02,0.08%,110,1990,4395
TM,Turkmenistan,488100,13.1751,1.01,0.08%,111,1990,3720
SV,El Salvador,21041,301.145,1.0,0.08%,112,1990,5367
SG,Singapore,710,8416.4634,1.01,0.07%,113,1990,3022
CG,Republic of the Congo,342000,17.4574,1.02,0.07%,114,1990,2385
DK,Denmark,43094,136.4984,1.0,0.07%,115,1990,5145
SK,Slovakia,49037,115.0856,1.04,0.07%,116,1990,5261
CF,Central African Republic,622984,8.9555,1.02,0.07%,117,1990,2809
FI,Finland,338424,16.3722,1.0,0.07%,118,1990,4987
LB,Lebanon,10452,525.2334,0.98,0.07%,119,1990,3594
NO,Norway,323802,16.7828,1.01,0.07%,120,1990,4242
LR,Liberia,111369,47.6136,1.02,0.07%,121,1990,2210
PS,Palestine,6220,844.063,1.02,0.07%,122,1990,2125
NZ,New Zealand,270467,19.1716,1.01,0.07%,123,1990,3397
CR,Costa Rica,51100,101.3861,1.01,0.06%,124,1990,3158
IE,Ireland,70273,71.4799,1.01,0.06%,125,1990,3485
MR,Mauritania,1030700,4.5951,1.03,0.06%,126,1990,2006
OM,Oman,309500,14.7861,1.01,0.06%,127,1990,1805
PA,Panama,75417,58.4561,1.01,0.06%,128,1990,2450
KW,Kuwait,17818,239.5821,1.0,0.05%,129,1990,1675
HR,Croatia,56594,71.2153,0.99,0.05%,130,1990,4874
GE,Georgia,69700,53.7214,1.0,0.05%,131,1990,5392
ER,Eritrea,117600,31.3268,1.02,0.05%,132,1990,2150
UY,Uruguay,181034,18.9069,1.0,0.04%,133,1990,3117
MN,Mongolia,1564110,2.1727,1.02,0.04%,134,1990,2161
MD,Moldova,33846,96.7026,1.07,0.04%,135,1990,4480
PR,Puerto Rico,8870,366.675,1.0,0.04%,136,1990,3544
BA,Bosnia and Herzegovina,51209,63.1437,0.99,0.04%,137,1990,4494
AL,Albania,28748,98.8702,1.0,0.04%,138,1990,3295
JM,Jamaica,10991,257.2447,1.0,0.04%,139,1990,2392
AM,Armenia,29743,93.4831,1.0,0.03%,140,1990,3557
LT,Lithuania,65300,42.1142,0.99,0.03%,141,1990,3786
GM,Gambia,10689,253.1567,1.03,0.03%,142,1990,1041
QA,Qatar,11586,232.6189,1.0,0.03%,143,1990,442
BW,Botswana,582000,4.5194,1.02,0.03%,144,1990,1341
,Namibia,825615,3.1092,1.01,0.03%,145,1990,1369
GA,Gabon,267668,8.9252,1.02,0.03%,146,1990,983
LS,Lesotho,30355,75.962,1.01,0.03%,147,1990,1799
SI,Slovenia,20273,104.5649,1.0,0.03%,148,1990,1986
GW,Guinea-Bissau,36125,58.2856,1.02,0.03%,149,1990,974
MK,North Macedonia,25713,81.4218,1.0,0.03%,150,1990,2044
LV,Latvia,64559,28.666,0.99,0.02%,151,1990,2689
GQ,Equatorial Guinea,28051,59.7094,1.02,0.02%,152,1990,466
TT,Trinidad and Tobago,5130,298.4491,1.0,0.02%,153,1990,1267
BH,Bahrain,765,1924.4876,1.01,0.02%,154,1990,517
TL,Timor-Leste,14874,90.1772,1.02,0.02%,155,1990,758
EE,Estonia,45227,29.3201,1.0,0.02%,156,1990,1571
MU,Mauritius,2040,636.9946,1.0,0.02%,157,1990,1090
CY,Cyprus,9251,135.2814,1.01,0.02%,158,1990,789
SZ,Eswatini,17364,69.2047,1.01,0.02%,159,1990,854
DJ,Djibouti,23200,48.3125,1.01,0.01%,160,1990,577
RE,Reunion,2511,387.914,1.01,0.01%,161,1990,659
FJ,Fiji,18272,50.8847,1.01,0.01%,162,1990,780
KM,Comoros,1862,449.3953,1.02,0.01%,163,1990,431
GY,Guyana,214969,3.7621,1.01,0.01%,164,1990,747
BT,Bhutan,38394,20.3796,1.01,0.01%,165,1990,558
SB,Solomon Islands,28896,25.0648,1.02,0.01%,166,1990,324
MO,Macau,30,23172.2667,1.01,0.01%,167,1990,350
LU,Luxembourg,2586,250.425,1.01,0.01%,168,1990,381
ME,Montenegro,13812,45.4012,1.0,0.01%,169,1990,621
SR,Suriname,163820,3.7727,1.01,0.01%,170,1990,413
CV,Cape Verde,4033,147.0739,1.01,0.01%,171,1990,365
EH,Western Sahara,266000,2.1654,1.02,0.01%,172,1990,179
MT,Malta,316,1687.6139,1.01,0.01%,173,1990,365
MV,Maldives,300,1745.9567,1.0,0.01%,174,1990,225
BN,Brunei,5765,77.8841,1.01,0.01%,175,1990,262
BS,Bahamas,13943,29.4043,1.01,0.01%,176,1990,271
BZ,Belize,22966,17.6466,1.01,0.01%,177,1990,183
GP,Guadeloupe,1628,243.0909,1.0,0.00%,178,1990,392
IS,Iceland,103000,3.6204,1.01,0.00%,179,1990,255
MQ,Martinique,1128,325.8041,1.0,0.00%,180,1990,374
VU,Vanuatu,12189,26.8061,1.02,0.00%,181,1990,151
YT,Mayotte,374,871.9278,1.03,0.00%,182,1990,93
PF,French Polynesia,4167,73.5011,1.01,0.00%,183,1990,211
GF,French Guiana,83534,3.6459,1.02,0.00%,184,1990,114
NC,New Caledonia,18575,15.6097,1.01,0.00%,185,1990,177
BB,Barbados,430,654.9651,1.0,0.00%,186,1990,259
ST,Sao Tome and Principe,964,235.8714,1.02,0.00%,187,1990,120
WS,Samoa,2842,78.2484,1.02,0.00%,188,1990,168
CW,Curacao,444,430.5473,1.0,0.00%,189,1990,155
LC,Saint Lucia,616,291.9756,1.0,0.00%,190,1990,142
GU,Guam,549,312.8852,1.01,0.00%,191,1990,138
KI,Kiribati,811,161.815,1.02,0.00%,192,1990,75
GD,Grenada,344,364.6453,1.01,0.00%,193,1990,99
FM,Micronesia,702,162.6268,1.01,0.00%,194,1990,99
JE,Jersey,116,954.9828,1.01,0.00%,195,1990,83
SC,Seychelles,452,236.9867,1.01,0.00%,196,1990,71
TO,Tonga,747,143.0495,1.01,0.00%,197,1990,99
AW,Aruba,180,591.3611,1.0,0.00%,198,1990,66
VC,Saint Vincent and the Grenadines,389,267.2185,1.0,0.00%,199,1990,112
VI,United States Virgin Islands,347,286.6427,0.99,0.00%,200,1990,101
AG,Antigua and Barbuda,442,212.1335,1.01,0.00%,201,1990,63
IM,Isle of Man,572,147.7605,1.0,0.00%,202,1990,69
AD,Andorra,468,170.5641,1.01,0.00%,203,1990,54
DM,Dominica,751,96.8535,1.0,0.00%,204,1990,69
KY,Cayman Islands,264,260.25,1.01,0.00%,205,1990,26
BM,Bermuda,54,1188.5926,1.0,0.00%,206,1990,57
GG,Guernsey,78,811.5513,1.0,0.00%,207,1990,58
GL,Greenland,2166086,0.0261,1.0,0.00%,208,1990,56
FO,Faroe Islands,1393,38.112,1.0,0.00%,209,1990,47
MP,Northern Mariana Islands,464,106.7909,1.0,0.00%,210,1990,48
KN,Saint Kitts and Nevis,261,182.5939,1.0,0.00%,211,1990,41
TC,Turks and Caicos Islands,948,48.2099,1.01,0.00%,212,1990,12
AS,American Samoa,199,222.4774,0.98,0.00%,213,1990,48
SX,Sint Maarten,34,1299.2647,1.0,0.00%,214,1990,28
MH,Marshall Islands,181,229.663,0.99,0.00%,215,1990,46
LI,Liechtenstein,160,245.7937,1.01,0.00%,216,1990,29
MC,Monaco,2,18234.5,0.99,0.00%,217,1990,30
SM,San Marino,61,551.8033,1.0,0.00%,218,1990,23
GI,Gibraltar,6,5441.5,1.0,0.00%,219,1990,27
MF,Saint Martin,53,599.8302,1.0,0.00%,220,1990,28
VG,British Virgin Islands,151,207.3179,1.01,0.00%,221,1990,16
PW,Palau,459,39.3355,1.0,0.00%,222,1990,15
CK,Cook Islands,236,72.0805,1.0,0.00%,223,1990,17
AI,Anguilla,91,174.2527,1.01,0.00%,224,1990,8
NR,Nauru,21,603.2381,1.01,0.00%,225,1990,10
WF,Wallis and Futuna,142,81.493,1.0,0.00%,226,1990,13
TV,Tuvalu,26,435.0769,1.01,0.00%,227,1990,9
BL,Saint Barthelemy,21,522.2381,1.01,0.00%,228,1990,5
PM,Saint Pierre and Miquelon,242,24.2231,1.0,0.00%,229,1990,6
MS,Montserrat,102,43.0392,0.99,0.00%,230,1990,11
FK,Falkland Islands,12173,0.3105,1.0,0.00%,231,1990,2
NU,Niue,260,7.4385,1.0,0.00%,232,1990,3
TK,Tokelau,12,155.9167,1.01,0.00%,233,1990,2
VA,Vatican City,1,510.0,1.0,0.00%,234,1990,1
CN,China,9706961,146.8933,1.0,17.88%,1,1980,982372
IN,India,3287590,431.0675,1.01,17.77%,2,1980,696828
US,United States,9372610,36.0935,1.0,4.24%,3,1980,223140
ID,Indonesia,1904569,144.6529,1.01,3.45%,4,1980,148177
PK,Pakistan,881912,267.4018,1.02,2.96%,5,1980,80624
NG,Nigeria,923768,236.5759,1.02,2.74%,6,1980,72951
BR,Brazil,8515767,25.2841,1.0,2.70%,7,1980,122288
BD,Bangladesh,147570,1160.035,1.01,2.15%,8,1980,83930
RU,Russia,17098242,8.4636,1.0,1.81%,9,1980,138257
MX,Mexico,1964375,64.9082,1.01,1.60%,10,1980,67705
JP,Japan,377930,327.9753,0.99,1.55%,11,1980,117624
ET,Ethiopia,1104300,111.7268,1.03,1.55%,12,1980,34945
PH,Philippines,342353,337.5434,1.01,1.45%,13,1980,48420
EG,Egypt,1002450,110.7188,1.02,1.39%,14,1980,43749
CD,DR Congo,2344858,42.2244,1.03,1.24%,15,1980,26709
VN,Vietnam,331212,296.4472,1.01,1.23%,16,1980,52968
IR,Iran,1648195,53.7258,1.01,1.11%,17,1980,38521
TR,Turkey,783562,108.9145,1.01,1.07%,18,1980,44089
DE,Germany,357114,233.4544,1.0,1.05%,19,1980,77787
TH,Thailand,513120,139.7276,1.0,0.90%,20,1980,45738
GB,United Kingdom,242900,277.9289,1.0,0.85%,21,1980,56326
TZ,Tanzania,945087,69.3034,1.03,0.82%,22,1980,19298
FR,France,551695,117.1419,1.0,0.81%,23,1980,53714
ZA,South Africa,1221037,49.0517,1.01,0.75%,24,1980,29464
IT,Italy,301336,195.9191,1.0,0.74%,25,1980,56329
MM,Myanmar,676578,80.0784,1.01,0.68%,26,1980,33466
KE,Kenya,580367,93.0919,1.02,0.68%,27,1980,16187
CO,Colombia,1141748,45.4339,1.01,0.65%,28,1980,26176
KR,South Korea,100210,517.0722,1.0,0.65%,29,1980,38171
ES,Spain,505992,93.9909,1.0,0.60%,30,1980,37492
UG,Uganda,241550,195.61,1.03,0.59%,31,1980,13284
SD,Sudan,1886068,24.8529,1.03,0.59%,32,1980,16674
AR,Argentina,2780400,16.3683,1.01,0.57%,33,1980,28025
DZ,Algeria,2381741,18.8531,1.02,0.56%,34,1980,18739
IQ,Iraq,438317,101.5158,1.02,0.56%,35,1980,13653
AF,Afghanistan,652230,63.0587,1.03,0.52%,36,1980,12487
PL,Poland,312679,127.4698,1.04,0.50%,37,1980,35521
UA,Ukraine,603500,65.7858,0.91,0.50%,38,1980,49974
CA,Canada,9984670,3.8513,1.01,0.48%,39,1980,24512
MA,Morocco,446550,83.883,1.01,0.47%,40,1980,19678
SA,Saudi Arabia,2149690,16.9368,1.01,0.46%,41,1980,10172
AO,Angola,1246700,28.5466,1.03,0.45%,42,1980,8330
UZ,Uzbekistan,447400,77.3975,1.02,0.43%,43,1980,15947
PE,Peru,1285216,26.4933,1.01,0.43%,44,1980,17492
MY,Malaysia,330803,102.5934,1.01,0.43%,45,1980,13216
YE,Yemen,527968,63.8232,1.02,0.42%,46,1980,9205
GH,Ghana,238533,140.3406,1.02,0.42%,47,1980,11865
MZ,Mozambique,801590,41.1302,1.03,0.41%,48,1980,11414
NP,Nepal,147181,207.5511,1.02,0.38%,49,1980,15600
MG,Madagascar,587041,50.4423,1.02,0.37%,50,1980,8948
VE,Venezuela,916445,30.882,1.0,0.35%,51,1980,15210
CI,Ivory Coast,322463,87.3295,1.02,0.35%,52,1980,8304
CM,Cameroon,475442,58.7128,1.03,0.35%,53,1980,8520
NE,Niger,1267000,20.6851,1.04,0.33%,54,1980,6173
AU,Australia,7692024,3.4032,1.01,0.33%,55,1980,14706
KP,North Korea,120538,216.2755,1.0,0.33%,56,1980,17974
TW,Taiwan,36193,660.1662,1.0,0.30%,57,1980,18100
BF,Burkina Faso,272967,83.0641,1.03,0.28%,58,1980,6933
ML,Mali,1240192,18.2178,1.03,0.28%,59,1980,7373
SY,Syria,185180,119.4797,1.04,0.28%,60,1980,8899
LK,Sri Lanka,65610,332.7563,1.0,0.27%,61,1980,14944
MW,Malawi,118484,172.22,1.03,0.26%,62,1980,6267
ZM,Zambia,752612,26.5976,1.03,0.25%,63,1980,5720
RO,Romania,238391,82.4665,1.02,0.25%,64,1980,22125
CL,Chile,756102,25.9274,1.01,0.25%,65,1980,11470
KZ,Kazakhstan,2724900,7.1188,1.01,0.24%,66,1980,14173
EC,Ecuador,276841,65.0229,1.01,0.23%,67,1980,8136
GT,Guatemala,108889,163.8725,1.01,0.22%,68,1980,6988
TD,Chad,1284000,13.8032,1.03,0.22%,69,1980,4408
SO,Somalia,637657,27.5971,1.03,0.22%,70,1980,5892
NL,Netherlands,41850,419.6897,1.0,0.22%,71,1980,14130
SN,Senegal,196722,88.025,1.03,0.22%,72,1980,5704
KH,Cambodia,181035,92.6221,1.01,0.21%,73,1980,6199
ZW,Zimbabwe,390757,41.7665,1.02,0.20%,74,1980,7050
GN,Guinea,245857,56.3716,1.02,0.17%,75,1980,4973
RW,Rwanda,26338,523.0731,1.02,0.17%,76,1980,5248
BJ,Benin,112622,118.5635,1.03,0.17%,77,1980,3834
BI,Burundi,27834,463.0874,1.03,0.16%,78,1980,4313
TN,Tunisia,163610,75.5218,1.01,0.15%,79,1980,6578
BO,Bolivia,1098581,11.1272,1.01,0.15%,80,1980,5736
BE,Belgium,30528,381.8111,1.0,0.15%,81,1980,9829
HT,Haiti,27750,417.4773,1.01,0.15%,82,1980,5647
JO,Jordan,89342,126.3221,1.01,0.14%,83,1980,2217
DO,Dominican Republic,48671,230.7087,1.01,0.14%,84,1980,5756
CU,Cuba,109884,102.0366,1.0,0.14%,85,1980,9809
SS,South Sudan,619745,17.6091,1.02,0.14%,86,1980,4192
SE,Sweden,450295,23.4276,1.01,0.13%,87,1980,8312
CZ,Czech Republic,78865,133.0627,1.0,0.13%,88,1980,10270
HN,Honduras,112492,92.7431,1.02,0.13%,89,1980,3778
GR,Greece,131990,78.68,0.99,0.13%,90,1980,9307
AZ,Azerbaijan,86600,119.6082,1.0,0.13%,91,1980,6383
PT,Portugal,92090,111.5307,1.0,0.13%,92,1980,9785
PG,Papua New Guinea,462840,21.9139,1.02,0.13%,93,1980,3105
HU,Hungary,93028,107.1431,1.03,0.12%,94,1980,10699
TJ,Tajikistan,143100,69.5513,1.02,0.12%,95,1980,4046
BY,Belarus,207600,45.9295,1.0,0.12%,96,1980,9817
AE,United Arab Emirates,83600,112.9322,1.01,0.12%,97,1980,1014
IL,Israel,20770,435.1617,1.02,0.11%,98,1980,3745
AT,Austria,83871,106.5877,1.0,0.11%,99,1980,7548
TG,Togo,56785,155.8281,1.02,0.11%,100,1980,2838
CH,Switzerland,41284,211.7157,1.01,0.11%,101,1980,6319
SL,Sierra Leone,71740,119.957,1.02,0.11%,102,1980,3367
LA,Laos,236800,31.7968,1.01,0.09%,103,1980,3298
HK,Hong Kong,1104,6783.3922,1.0,0.09%,104,1980,4979
RS,Serbia,88361,81.7257,0.99,0.09%,105,1980,7777
NI,Nicaragua,130373,53.2962,1.01,0.09%,106,1980,3303
LY,Libya,1759540,3.8717,1.01,0.09%,107,1980,2963
BG,Bulgaria,110879,61.1654,0.98,0.09%,108,1980,8981
PY,Paraguay,406752,16.6705,1.01,0.09%,109,1980,3079
KG,Kyrgyzstan,199951,33.1612,1.02,0.08%,110,1980,3691
TM,Turkmenistan,488100,13.1751,1.01,0.08%,111,1980,2863
SV,El Salvador,21041,301.145,1.0,0.08%,112,1980,4509
SG,Singapore,710,8416.4634,1.01,0.07%,113,1980,2401
CG,Republic of the Congo,342000,17.4574,1.02,0.07%,114,1980,1829
DK,Denmark,43094,136.4984,1.0,0.07%,115,1980,5125
SK,Slovakia,49037,115.0856,1.04,0.07%,116,1980,4974
CF,Central African Republic,622984,8.9555,1.02,0.07%,117,1980,2415
FI,Finland,338424,16.3722,1.0,0.07%,118,1980,4779
LB,Lebanon,10452,525.2334,0.98,0.07%,119,1980,2964
NO,Norway,323802,16.7828,1.01,0.07%,120,1980,4086
LR,Liberia,111369,47.6136,1.02,0.07%,121,1980,1932
PS,Palestine,6220,844.063,1.02,0.07%,122,1980,1454
NZ,New Zealand,270467,19.1716,1.01,0.07%,123,1980,3147
CR,Costa Rica,51100,101.3861,1.01,0.06%,124,1980,2414
IE,Ireland,70273,71.4799,1.01,0.06%,125,1980,3391
MR,Mauritania,1030700,4.5951,1.03,0.06%,126,1980,1507
OM,Oman,309500,14.7861,1.01,0.06%,127,1980,1017
PA,Panama,75417,58.4561,1.01,0.06%,128,1980,1957
KW,Kuwait,17818,239.5821,1.0,0.05%,129,1980,1494
HR,Croatia,56594,71.2153,0.99,0.05%,130,1980,4680
GE,Georgia,69700,53.7214,1.0,0.05%,131,1980,5146
ER,Eritrea,117600,31.3268,1.02,0.05%,132,1980,1658
UY,Uruguay,181034,18.9069,1.0,0.04%,133,1980,2954
MN,Mongolia,1564110,2.1727,1.02,0.04%,134,1980,1698
MD,Moldova,33846,96.7026,1.07,0.04%,135,1980,4103
PR,Puerto Rico,8870,366.675,1.0,0.04%,136,1980,3215
BA,Bosnia and Herzegovina,51209,63.1437,0.99,0.04%,137,1980,4200
AL,Albania,28748,98.8702,1.0,0.04%,138,1980,2942
JM,Jamaica,10991,257.2447,1.0,0.04%,139,1980,2136
AM,Armenia,29743,93.4831,1.0,0.03%,140,1980,3135
LT,Lithuania,65300,42.1142,0.99,0.03%,141,1980,3521
GM,Gambia,10689,253.1567,1.03,0.03%,142,1980,719
QA,Qatar,11586,232.6189,1.0,0.03%,143,1980,277
BW,Botswana,582000,4.5194,1.02,0.03%,144,1980,939
,Namibia,825615,3.1092,1.01,0.03%,145,1980,976
GA,Gabon,267668,8.9252,1.02,0.03%,146,1980,749
LS,Lesotho,30355,75.962,1.01,0.03%,147,1980,1408
SI,Slovenia,20273,104.5649,1.0,0.03%,148,1980,1902
GW,Guinea-Bissau,36125,58.2856,1.02,0.03%,149,1980,831
MK,North Macedonia,25713,81.4218,1.0,0.03%,150,1980,1907
LV,Latvia,64559,28.666,0.99,0.02%,151,1980,2572
GQ,Equatorial Guinea,28051,59.7094,1.02,0.02%,152,1980,283
TT,Trinidad and Tobago,5130,298.4491,1.0,0.02%,153,1980,1128
BH,Bahrain,765,1924.4876,1.01,0.02%,154,1980,363
TL,Timor-Leste,14874,90.1772,1.02,0.02%,155,1980,642
EE,Estonia,45227,29.3201,1.0,0.02%,156,1980,1477
MU,Mauritius,2040,636.9946,1.0,0.02%,157,1980,955
CY,Cyprus,9251,135.2814,1.01,0.02%,158,1980,679
SZ,Eswatini,17364,69.2047,1.01,0.02%,159,1980,599
DJ,Djibouti,23200,48.3125,1.01,0.01%,160,1980,324
RE,Reunion,2511,387.914,1.01,0.01%,161,1980,552
FJ,Fiji,18272,50.8847,1.01,0.01%,162,1980,645
KM,Comoros,1862,449.3953,1.02,0.01%,163,1980,328
GY,Guyana,214969,3.7621,1.01,0.01%,164,1980,778
BT,Bhutan,38394,20.3796,1.01,0.01%,165,1980,415
SB,Solomon Islands,28896,25.0648,1.02,0.01%,166,1980,234
MO,Macau,30,23172.2667,1.01,0.01%,167,1980,245
LU,Luxembourg,2586,250.425,1.01,0.01%,168,1980,364
ME,Montenegro,13812,45.4012,1.0,0.01%,169,1980,589
SR,Suriname,163820,3.7727,1.01,0.01%,170,1980,375
CV,Cape Verde,4033,147.0739,1.01,0.01%,171,1980,317
EH,Western Sahara,266000,2.1654,1.02,0.01%,172,1980,117
MT,Malta,316,1687.6139,1.01,0.01%,173,1980,334
MV,Maldives,300,1745.9567,1.0,0.01%,174,1980,165
BN,Brunei,5765,77.8841,1.01,0.01%,175,1980,188
BS,Bahamas,13943,29.4043,1.01,0.01%,176,1980,224
BZ,Belize,22966,17.6466,1.01,0.01%,177,1980,145
GP,Guadeloupe,1628,243.0909,1.0,0.00%,178,1980,334
IS,Iceland,103000,3.6204,1.01,0.00%,179,1980,228
MQ,Martinique,1128,325.8041,1.0,0.00%,180,1980,334
VU,Vanuatu,12189,26.8061,1.02,0.00%,181,1980,118
YT,Mayotte,374,871.9278,1.03,0.00%,182,1980,52
PF,French Polynesia,4167,73.5011,1.01,0.00%,183,1980,164
GF,French Guiana,83534,3.6459,1.02,0.00%,184,1980,67
NC,New Caledonia,18575,15.6097,1.01,0.00%,185,1980,149
BB,Barbados,430,654.9651,1.0,0.00%,186,1980,254
ST,Sao Tome and Principe,964,235.8714,1.02,0.00%,187,1980,97
WS,Samoa,2842,78.2484,1.02,0.00%,188,1980,165
CW,Curacao,444,430.5473,1.0,0.00%,189,1980,157
LC,Saint Lucia,616,291.9756,1.0,0.00%,190,1980,122
GU,Guam,549,312.8852,1.01,0.00%,191,1980,110
KI,Kiribati,811,161.815,1.02,0.00%,192,1980,61
GD,Grenada,344,364.6453,1.01,0.00%,193,1980,95
FM,Micronesia,702,162.6268,1.01,0.00%,194,1980,76
JE,Jersey,116,954.9828,1.01,0.00%,195,1980,75
SC,Seychelles,452,236.9867,1.01,0.00%,196,1980,65
TO,Tonga,747,143.0495,1.01,0.00%,197,1980,97
AW,Aruba,180,591.3611,1.0,0.00%,198,1980,62
VC,Saint Vincent and the Grenadines,389,267.2185,1.0,0.00%,199,1980,107
VI,United States Virgin Islands,347,286.6427,0.99,0.00%,200,1980,97
AG,Antigua and Barbuda,442,212.1335,1.01,0.00%,201,1980,65
IM,Isle of Man,572,147.7605,1.0,0.00%,202,1980,64
AD,Andorra,468,170.5641,1.01,0.00%,203,1980,36
DM,Dominica,751,96.8535,1.0,0.00%,204,1980,73
KY,Cayman Islands,264,260.25,1.01,0.00%,205,1980,17
BM,Bermuda,54,1188.5926,1.0,0.00%,206,1980,54
GG,Guernsey,78,811.5513,1.0,0.00%,207,1980,53
GL,Greenland,2166086,0.0261,1.0,0.00%,208,1980,50
FO,Faroe Islands,1393,38.112,1.0,0.00%,209,1980,43
MP,Northern Mariana Islands,464,106.7909,1.0,0.00%,210,1980,18
KN,Saint Kitts and Nevis,261,182.5939,1.0,0.00%,211,1980,43
TC,Turks and Caicos Islands,948,48.2099,1.01,0.00%,212,1980,8
AS,American Samoa,199,222.4774,0.98,0.00%,213,1980,33
SX,Sint Maarten,34,1299.2647,1.0,0.00%,214,1980,12
MH,Marshall Islands,181,229.663,0.99,0.00%,215,1980,32
LI,Liechtenstein,160,245.7937,1.01,0.00%,216,1980,25
MC,Monaco,2,18234.5,0.99,0.00%,217,1980,27
SM,San Marino,61,551.8033,1.0,0.00%,218,1980,21
GI,Gibraltar,6,5441.5,1.0,0.00%,219,1980,29
MF,Saint Martin,53,599.8302,1.0,0.00%,220,1980,8
VG,British Virgin Islands,151,207.3179,1.01,0.00%,221,1980,11
PW,Palau,459,39.3355,1.0,0.00%,222,1980,12
CK,Cook Islands,236,72.0805,1.0,0.00%,223,1980,18
AI,Anguilla,91,174.2527,1.01,0.00%,224,1980,7
NR,Nauru,21,603.2381,1.01,0.00%,225,1980,8
WF,Wallis and Futuna,142,81.493,1.0,0.00%,226,1980,11
TV,Tuvalu,26,435.0769,1.01,0.00%,227,1980,8
BL,Saint Barthelemy,21,522.2381,1.01,0.00%,228,1980,3
PM,Saint Pierre and Miquelon,242,24.2231,1.0,0.00%,229,1980,6
MS,Montserrat,102,43.0392,0.99,0.00%,230,1980,11
FK,Falkland Islands,12173,0.3105,1.0,0.00%,231,1980,2
NU,Niue,260,7.4385,1.0,0.00%,232,1980,4
TK,Tokelau,12,155.9167,1.01,0.00%,233,1980,2
VA,Vatican City,1,510.0,1.0,0.00%,234,1980,1
CN,China,9706961,146.8933,1.0,17.88%,1,1970,822534
IN,India,3287590,431.0675,1.01,17.77%,2,1970,557501
US,United States,9372610,36.0935,1.0,4.24%,3,1970,200328
ID,Indonesia,1904569,144.6529,1.01,3.45%,4,1970,115228
PK,Pakistan,881912,267.4018,1.02,2.96%,5,1970,59291
NG,Nigeria,923768,236.5759,1.02,2.74%,6,1970,55569
BR,Brazil,8515767,25.2841,1.0,2.70%,7,1970,96370
BD,Bangladesh,147570,1160.035,1.01,2.15%,8,1970,67542
RU,Russia,17098242,8.4636,1.0,1.81%,9,1970,130093
MX,Mexico,1964375,64.9082,1.01,1.60%,10,1970,50289
JP,Japan,377930,327.9753,0.99,1.55%,11,1970,105417
ET,Ethiopia,1104300,111.7268,1.03,1.55%,12,1970,28308
PH,Philippines,342353,337.5434,1.01,1.45%,13,1970,37436
EG,Egypt,1002450,110.7188,1.02,1.39%,14,1970,34782
CD,DR Congo,2344858,42.2244,1.03,1.24%,15,1970,20152
VN,Vietnam,331212,296.4472,1.01,1.23%,16,1970,41929
IR,Iran,1648195,53.7258,1.01,1.11%,17,1970,28450
TR,Turkey,783562,108.9145,1.01,1.07%,18,1970,35541
DE,Germany,357114,233.4544,1.0,1.05%,19,1970,78295
TH,Thailand,513120,139.7276,1.0,0.90%,20,1970,35792
GB,United Kingdom,242900,277.9289,1.0,0.85%,21,1970,55650
TZ,Tanzania,945087,69.3034,1.03,0.82%,22,1970,13618
FR,France,551695,117.1419,1.0,0.81%,23,1970,50524
ZA,South Africa,1221037,49.0517,1.01,0.75%,24,1970,22368
IT,Italy,301336,195.9191,1.0,0.74%,25,1970,53324
MM,Myanmar,676578,80.0784,1.01,0.68%,26,1970,27284
KE,Kenya,580367,93.0919,1.02,0.68%,27,1970,11473
CO,Colombia,1141748,45.4339,1.01,0.65%,28,1970,20905
KR,South Korea,100210,517.0722,1.0,0.65%,29,1970,32601
ES,Spain,505992,93.9909,1.0,0.60%,30,1970,33793
UG,Uganda,241550,195.61,1.03,0.59%,31,1970,10317
SD,Sudan,1886068,24.8529,1.03,0.59%,32,1970,11305
AR,Argentina,2780400,16.3683,1.01,0.57%,33,1970,23843
DZ,Algeria,2381741,18.8531,1.02,0.56%,34,1970,13796
IQ,Iraq,438317,101.5158,1.02,0.56%,35,1970,9811
AF,Afghanistan,652230,63.0587,1.03,0.52%,36,1970,10753
PL,Poland,312679,127.4698,1.04,0.50%,37,1970,32483
UA,Ukraine,603500,65.7858,0.91,0.50%,38,1970,47279
CA,Canada,9984670,3.8513,1.01,0.48%,39,1970,21435
MA,Morocco,446550,83.883,1.01,0.47%,40,1970,15274
SA,Saudi Arabia,2149690,16.9368,1.01,0.46%,41,1970,6106
AO,Angola,1246700,28.5466,1.03,0.45%,42,1970,6030
UZ,Uzbekistan,447400,77.3975,1.02,0.43%,43,1970,12011
PE,Peru,1285216,26.4933,1.01,0.43%,44,1970,13562
MY,Malaysia,330803,102.5934,1.01,0.43%,45,1970,10307
YE,Yemen,527968,63.8232,1.02,0.42%,46,1970,6844
GH,Ghana,238533,140.3406,1.02,0.42%,47,1970,8862
MZ,Mozambique,801590,41.1302,1.03,0.41%,48,1970,8412
NP,Nepal,147181,207.5511,1.02,0.38%,49,1970,12501
MG,Madagascar,587041,50.4423,1.02,0.37%,50,1970,6640
VE,Venezuela,916445,30.882,1.0,0.35%,51,1970,11355
CI,Ivory Coast,322463,87.3295,1.02,0.35%,52,1970,5477
CM,Cameroon,475442,58.7128,1.03,0.35%,53,1970,6453
NE,Niger,1267000,20.6851,1.04,0.33%,54,1970,4670
AU,Australia,7692024,3.4032,1.01,0.33%,55,1970,12595
KP,North Korea,120538,216.2755,1.0,0.33%,56,1970,14997
TW,Taiwan,36193,660.1662,1.0,0.30%,57,1970,14958
BF,Burkina Faso,272967,83.0641,1.03,0.28%,58,1970,5612
ML,Mali,1240192,18.2178,1.03,0.28%,59,1970,6154
SY,Syria,185180,119.4797,1.04,0.28%,60,1970,6319
LK,Sri Lanka,65610,332.7563,1.0,0.27%,61,1970,12389
MW,Malawi,118484,172.22,1.03,0.26%,62,1970,4625
ZM,Zambia,752612,26.5976,1.03,0.25%,63,1970,4282
RO,Romania,238391,82.4665,1.02,0.25%,64,1970,19923
CL,Chile,756102,25.9274,1.01,0.25%,65,1970,9820
KZ,Kazakhstan,2724900,7.1188,1.01,0.24%,66,1970,12265
EC,Ecuador,276841,65.0229,1.01,0.23%,67,1970,6172
GT,Guatemala,108889,163.8725,1.01,0.22%,68,1970,5453
TD,Chad,1284000,13.8032,1.03,0.22%,69,1970,3667
SO,Somalia,637657,27.5971,1.03,0.22%,70,1970,3721
NL,Netherlands,41850,419.6897,1.0,0.22%,71,1970,13038
SN,Senegal,196722,88.025,1.03,0.22%,72,1970,4368
KH,Cambodia,181035,92.6221,1.01,0.21%,73,1970,6709
ZW,Zimbabwe,390757,41.7665,1.02,0.20%,74,1970,5203
GN,Guinea,245857,56.3716,1.02,0.17%,75,1970,4222
RW,Rwanda,26338,523.0731,1.02,0.17%,76,1970,3896
BJ,Benin,112622,118.5635,1.03,0.17%,77,1970,3023
BI,Burundi,27834,463.0874,1.03,0.16%,78,1970,3498
TN,Tunisia,163610,75.5218,1.01,0.15%,79,1970,5047
BO,Bolivia,1098581,11.1272,1.01,0.15%,80,1970,4586
BE,Belgium,30528,381.8111,1.0,0.15%,81,1970,9629
HT,Haiti,27750,417.4773,1.01,0.15%,82,1970,4681
JO,Jordan,89342,126.3221,1.01,0.14%,83,1970,1557
DO,Dominican Republic,48671,230.7087,1.01,0.14%,84,1970,4476
CU,Cuba,109884,102.0366,1.0,0.14%,85,1970,8870
SS,South Sudan,619745,17.6091,1.02,0.14%,86,1970,3342
SE,Sweden,450295,23.4276,1.01,0.13%,87,1970,8028
CZ,Czech Republic,78865,133.0627,1.0,0.13%,88,1970,9796
HN,Honduras,112492,92.7431,1.02,0.13%,89,1970,2783
GR,Greece,131990,78.68,0.99,0.13%,90,1970,8545
AZ,Azerbaijan,86600,119.6082,1.0,0.13%,91,1970,5425
PT,Portugal,92090,111.5307,1.0,0.13%,92,1970,8684
PG,Papua New Guinea,462840,21.9139,1.02,0.13%,93,1970,2489
HU,Hungary,93028,107.1431,1.03,0.12%,94,1970,10315
TJ,Tajikistan,143100,69.5513,1.02,0.12%,95,1970,2993
BY,Belarus,207600,45.9295,1.0,0.12%,96,1970,9171
AE,United Arab Emirates,83600,112.9322,1.01,0.12%,97,1970,298
IL,Israel,20770,435.1617,1.02,0.11%,98,1970,2907
AT,Austria,83871,106.5877,1.0,0.11%,99,1970,7465
TG,Togo,56785,155.8281,1.02,0.11%,100,1970,2197
CH,Switzerland,41284,211.7157,1.01,0.11%,101,1970,6181
SL,Sierra Leone,71740,119.957,1.02,0.11%,102,1970,2779
LA,Laos,236800,31.7968,1.01,0.09%,103,1970,2675
HK,Hong Kong,1104,6783.3922,1.0,0.09%,104,1970,3955
RS,Serbia,88361,81.7257,0.99,0.09%,105,1970,7194
NI,Nicaragua,130373,53.2962,1.01,0.09%,106,1970,2445
LY,Libya,1759540,3.8717,1.01,0.09%,107,1970,1909
BG,Bulgaria,110879,61.1654,0.98,0.09%,108,1970,8583
PY,Paraguay,406752,16.6705,1.01,0.09%,109,1970,2409
KG,Kyrgyzstan,199951,33.1612,1.02,0.08%,110,1970,3016
TM,Turkmenistan,488100,13.1751,1.01,0.08%,111,1970,2201
SV,El Salvador,21041,301.145,1.0,0.08%,112,1970,3619
SG,Singapore,710,8416.4634,1.01,0.07%,113,1970,2062
CG,Republic of the Congo,342000,17.4574,1.02,0.07%,114,1970,1397
DK,Denmark,43094,136.4984,1.0,0.07%,115,1970,4923
SK,Slovakia,49037,115.0856,1.04,0.07%,116,1970,4523
CF,Central African Republic,622984,8.9555,1.02,0.07%,117,1970,2067
FI,Finland,338424,16.3722,1.0,0.07%,118,1970,4607
LB,Lebanon,10452,525.2334,0.98,0.07%,119,1970,2382
NO,Norway,323802,16.7828,1.01,0.07%,120,1970,3876
LR,Liberia,111369,47.6136,1.02,0.07%,121,1970,1464
PS,Palestine,6220,844.063,1.02,0.07%,122,1970,1118
NZ,New Zealand,270467,19.1716,1.01,0.07%,123,1970,2824
CR,Costa Rica,51100,101.3861,1.01,0.06%,124,1970,1856
IE,Ireland,70273,71.4799,1.01,0.06%,125,1970,2938
MR,Mauritania,1030700,4.5951,1.03,0.06%,126,1970,1122
OM,Oman,309500,14.7861,1.01,0.06%,127,1970,671
PA,Panama,75417,58.4561,1.01,0.06%,128,1970,1516
KW,Kuwait,17818,239.5821,1.0,0.05%,129,1970,803
HR,Croatia,56594,71.2153,0.99,0.05%,130,1970,4493
GE,Georgia,69700,53.7214,1.0,0.05%,131,1970,4800
ER,Eritrea,117600,31.3268,1.02,0.05%,132,1970,1273
UY,Uruguay,181034,18.9069,1.0,0.04%,133,1970,2790
MN,Mongolia,1564110,2.1727,1.02,0.04%,134,1970,1294
MD,Moldova,33846,96.7026,1.07,0.04%,135,1970,3711
PR,Puerto Rico,8870,366.675,1.0,0.04%,136,1970,2738
BA,Bosnia and Herzegovina,51209,63.1437,0.99,0.04%,137,1970,3816
AL,Albania,28748,98.8702,1.0,0.04%,138,1970,2325
JM,Jamaica,10991,257.2447,1.0,0.04%,139,1970,1859
AM,Armenia,29743,93.4831,1.0,0.03%,140,1970,2534
LT,Lithuania,65300,42.1142,0.99,0.03%,141,1970,3210
GM,Gambia,10689,253.1567,1.03,0.03%,142,1970,529
QA,Qatar,11586,232.6189,1.0,0.03%,143,1970,118
BW,Botswana,582000,4.5194,1.02,0.03%,144,1970,592
,Namibia,825615,3.1092,1.01,0.03%,145,1970,754
GA,Gabon,267668,8.9252,1.02,0.03%,146,1970,597
LS,Lesotho,30355,75.962,1.01,0.03%,147,1970,1023
SI,Slovenia,20273,104.5649,1.0,0.03%,148,1970,1741
GW,Guinea-Bissau,36125,58.2856,1.02,0.03%,149,1970,592
MK,North Macedonia,25713,81.4218,1.0,0.03%,150,1970,1657
LV,Latvia,64559,28.666,0.99,0.02%,151,1970,2397
GQ,Equatorial Guinea,28051,59.7094,1.02,0.02%,152,1970,317
TT,Trinidad and Tobago,5130,298.4491,1.0,0.02%,153,1970,989
BH,Bahrain,765,1924.4876,1.01,0.02%,154,1970,223
TL,Timor-Leste,14874,90.1772,1.02,0.02%,155,1970,554
EE,Estonia,45227,29.3201,1.0,0.02%,156,1970,1362
MU,Mauritius,2040,636.9946,1.0,0.02%,157,1970,830
CY,Cyprus,9251,135.2814,1.01,0.02%,158,1970,641
SZ,Eswatini,17364,69.2047,1.01,0.02%,159,1970,443
DJ,Djibouti,23200,48.3125,1.01,0.01%,160,1970,144
RE,Reunion,2511,387.914,1.01,0.01%,161,1970,474
FJ,Fiji,18272,50.8847,1.01,0.01%,162,1970,528
KM,Comoros,1862,449.3953,1.02,0.01%,163,1970,242
GY,Guyana,214969,3.7621,1.01,0.01%,164,1970,705
BT,Bhutan,38394,20.3796,1.01,0.01%,165,1970,299
SB,Solomon Islands,28896,25.0648,1.02,0.01%,166,1970,173
MO,Macau,30,23172.2667,1.01,0.01%,167,1970,247
LU,Luxembourg,2586,250.425,1.01,0.01%,168,1970,339
ME,Montenegro,13812,45.4012,1.0,0.01%,169,1970,530
SR,Suriname,163820,3.7727,1.01,0.01%,170,1970,380
CV,Cape Verde,4033,147.0739,1.01,0.01%,171,1970,287
EH,Western Sahara,266000,2.1654,1.02,0.01%,172,1970,76
MT,Malta,316,1687.6139,1.01,0.01%,173,1970,315
MV,Maldives,300,1745.9567,1.0,0.01%,174,1970,123
BN,Brunei,5765,77.8841,1.01,0.01%,175,1970,133
BS,Bahamas,13943,29.4043,1.01,0.01%,176,1970,179
BZ,Belize,22966,17.6466,1.01,0.01%,177,1970,121
GP,Guadeloupe,1628,243.0909,1.0,0.00%,178,1970,318
IS,Iceland,103000,3.6204,1.01,0.00%,179,1970,204
MQ,Martinique,1128,325.8041,1.0,0.00%,180,1970,326
VU,Vanuatu,12189,26.8061,1.02,0.00%,181,1970,87
YT,Mayotte,374,871.9278,1.03,0.00%,182,1970,35
PF,French Polynesia,4167,73.5011,1.01,0.00%,183,1970,118
GF,French Guiana,83534,3.6459,1.02,0.00%,184,1970,46
NC,New Caledonia,18575,15.6097,1.01,0.00%,185,1970,111
BB,Barbados,430,654.9651,1.0,0.00%,186,1970,241
ST,Sao Tome and Principe,964,235.8714,1.02,0.00%,187,1970,78
WS,Samoa,2842,78.2484,1.02,0.00%,188,1970,143
CW,Curacao,444,430.5473,1.0,0.00%,189,1970,150
LC,Saint Lucia,616,291.9756,1.0,0.00%,190,1970,103
GU,Guam,549,312.8852,1.01,0.00%,191,1970,88
KI,Kiribati,811,161.815,1.02,0.00%,192,1970,57
GD,Grenada,344,364.6453,1.01,0.00%,193,1970,99
FM,Micronesia,702,162.6268,1.01,0.00%,194,1970,59
JE,Jersey,116,954.9828,1.01,0.00%,195,1970,68
SC,Seychelles,452,236.9867,1.01,0.00%,196,1970,54
TO,Tonga,747,143.0495,1.01,0.00%,197,1970,86
AW,Aruba,180,591.3611,1.0,0.00%,198,1970,59
VC,Saint Vincent and the Grenadines,389,267.2185,1.0,0.00%,199,1970,98
VI,United States Virgin Islands,347,286.6427,0.99,0.00%,200,1970,63
AG,Antigua and Barbuda,442,212.1335,1.01,0.00%,201,1970,65
IM,Isle of Man,572,147.7605,1.0,0.00%,202,1970,55
AD,Andorra,468,170.5641,1.01,0.00%,203,1970,20
DM,Dominica,751,96.8535,1.0,0.00%,204,1970,69
KY,Cayman Islands,264,260.25,1.01,0.00%,205,1970,11
BM,Bermuda,54,1188.5926,1.0,0.00%,206,1970,52
GG,Guernsey,78,811.5513,1.0,0.00%,207,1970,53
GL,Greenland,2166086,0.0261,1.0,0.00%,208,1970,45
FO,Faroe Islands,1393,38.112,1.0,0.00%,209,1970,38
MP,Northern Mariana Islands,464,106.7909,1.0,0.00%,210,1970,10
KN,Saint Kitts and Nevis,261,182.5939,1.0,0.00%,211,1970,45
TC,Turks and Caicos Islands,948,48.2099,1.01,0.00%,212,1970,6
AS,American Samoa,199,222.4774,0.98,0.00%,213,1970,27
SX,Sint Maarten,34,1299.2647,1.0,0.00%,214,1970,6
MH,Marshall Islands,181,229.663,0.99,0.00%,215,1970,24
LI,Liechtenstein,160,245.7937,1.01,0.00%,216,1970,21
MC,Monaco,2,18234.5,0.99,0.00%,217,1970,24
SM,San Marino,61,551.8033,1.0,0.00%,218,1970,18
GI,Gibraltar,6,5441.5,1.0,0.00%,219,1970,27
MF,Saint Martin,53,599.8302,1.0,0.00%,220,1970,6
VG,British Virgin Islands,151,207.3179,1.01,0.00%,221,1970,10
PW,Palau,459,39.3355,1.0,0.00%,222,1970,11
CK,Cook Islands,236,72.0805,1.0,0.00%,223,1970,20
AI,Anguilla,91,174.2527,1.01,0.00%,224,1970,6
NR,Nauru,21,603.2381,1.01,0.00%,225,1970,7
WF,Wallis and Futuna,142,81.493,1.0,0.00%,226,1970,9
TV,Tuvalu,26,435.0769,1.01,0.00%,227,1970,6
BL,Saint Barthelemy,21,522.2381,1.01,0.00%,228,1970,2
PM,Saint Pierre and Miquelon,242,24.2231,1.0,0.00%,229,1970,6
MS,Montserrat,102,43.0392,0.99,0.00%,230,1970,11
FK,Falkland Islands,12173,0.3105,1.0,0.00%,231,1970,2
NU,Niue,260,7.4385,1.0,0.00%,232,1970,5
TK,Tokelau,12,155.9167,1.01,0.00%,233,1970,2
VA,Vatican City,1,510.0,1.0,0.00%,234,1970,1
